"since","until","visitedEntityType","visitedEntityKey"
"2019-08-26 19:33:37","2019-08-29 16:34:22",4,"Europe"
"2019-07-22 17:17:05","2019-07-23 07:28:25",0,"SVK"
"2013-03-26 16:12:31","2013-03-26 16:13:40",1,"POL-3170"
"2018-06-18 20:06:05","2018-06-22 11:21:20",1,"FRA-5333"
"2018-06-18 05:37:51","2018-06-18 05:37:51",2,7282
"2019-09-24 17:48:07","2019-10-14 17:24:13",1,"SVK-1051"
"2019-05-31 10:05:48","2019-06-01 06:39:14",1,"SVK-1052"
"2019-08-26 19:33:37","2019-08-27 18:15:31",2,6327
"2018-05-02 16:49:37","2018-05-02 16:50:08",1,"SVK-1051"
"2013-03-26 16:12:31","2013-03-26 16:13:40",0,"POL"
"2018-06-18 05:37:51","2018-06-18 05:37:51",1,"FRA-5333"
"2019-09-24 17:48:07","2019-10-14 17:24:13",0,"SVK"
"2019-08-26 19:33:37","2019-08-27 18:15:31",1,"SVK-1051"
"2018-05-02 16:49:37","2018-05-02 16:50:08",0,"SVK"
"2015-06-06 17:52:50","2015-06-06 17:58:41",1,"GBR-2080"
"2019-08-26 19:33:37","2019-08-27 18:15:31",0,"SVK"
"2016-04-04 18:41:47","2016-04-08 15:00:40",2,6688
"2019-06-24 11:53:41","2019-06-27 11:36:17",1,"NOR-75"
"2018-09-08 12:19:58","2018-09-08 12:22:05",1,"SVK-1056"
"2019-08-26 18:58:17","2019-08-26 18:58:17",4,"North America"
"2016-04-04 18:41:47","2016-04-08 15:00:40",1,"ITA-5461"
"2019-06-24 11:53:41","2019-06-29 17:27:58",0,"NOR"
"2013-03-16 19:39:44","2013-03-22 16:29:59",2,5987
"2016-04-04 18:41:47","2016-04-08 15:00:40",0,"ITA"
"2013-03-16 19:39:44","2013-03-22 16:29:59",1,"DNK-3416"
"2015-04-12 07:59:37","2015-04-12 14:56:37",1,"DEU-1576"
"2019-08-26 18:58:17","2019-08-26 18:58:17",3,13
"2013-05-25 14:13:52","2013-05-25 16:53:31",1,"DNK-3418"
"2019-08-26 18:58:17","2019-08-26 18:58:17",2,7213
"2013-05-25 14:13:52","2013-06-20 18:50:20",0,"DNK"
"2012-10-20 11:12:21","2012-10-20 11:12:53",1,"HUN-3156"
"2019-08-26 18:58:17","2019-08-26 18:58:17",0,"CAN"
"2015-03-28 10:01:59","2015-03-28 10:58:55",2,3350
"2019-10-20 11:58:14","2019-10-20 15:32:53",1,"PRT-746"
"2012-10-20 11:12:21","2012-10-20 11:12:53",0,"HUN"
"2018-12-24 13:59:08","2018-12-24 14:07:51",1,"SVK-1051"
"2016-08-25 16:44:41","2016-08-25 16:44:45",1,"SVK-1051"
"2019-08-26 18:58:17","2019-08-26 18:58:17",1,"CAN-683"
"2016-04-02 15:11:58","2016-04-02 15:11:58",2,5987
"2016-08-25 16:44:41","2016-08-25 16:44:45",0,"SVK"
"2016-04-02 15:11:58","2016-04-02 15:11:58",1,"DNK-3416"
"2015-03-28 10:01:59","2015-03-28 10:58:55",1,"IRL-5568"
"2015-08-23 04:34:16","2015-08-23 09:39:43",1,"JPN-1861"
"2018-06-18 19:35:45","2018-06-18 19:36:53",1,"FRA-5263"
"2014-03-03 19:01:00","2014-06-24 10:40:39",2,6327
"2018-04-30 12:48:54","2018-04-30 12:49:07",1,"AUT-2327"
"2014-03-03 19:01:00","2014-04-13 07:57:05",1,"SVK-1051"
"2018-12-14 10:50:15","2018-12-16 12:57:51",0,"AUT"
"2017-06-09 09:59:31","2017-06-09 16:13:17",1,"DEU-1580"
"2017-10-29 10:43:11","2017-11-17 14:30:02",2,5987
"2018-01-27 22:52:02","2018-01-27 23:16:16",1,"NZL-3401"
"2018-02-09 06:43:52","2018-02-09 07:38:58",1,"NZL-3399"
"2018-12-14 10:50:15","2018-12-16 12:57:51",1,"AUT-2323"
"2017-10-29 10:43:11","2017-11-17 14:30:02",1,"DNK-3416"
"2012-10-20 11:08:50","2012-10-20 11:12:16",1,"SVK-1051"
"2018-12-24 13:50:51","2018-12-24 13:50:52",1,"SVK-1056"
"2015-06-06 14:15:43","2015-06-06 14:26:09",1,"GBR-2077"
"2017-10-29 10:43:11","2017-11-17 14:30:02",0,"DNK"
"2018-06-28 18:47:37","2018-07-01 04:53:24",1,"FRA-5302"
"2016-08-22 06:28:48","2016-08-24 09:30:28",2,7260
"2018-06-28 18:47:37","2018-07-01 04:53:24",0,"FRA"
"2018-06-18 19:18:54","2018-06-18 19:18:57",1,"FRA-5323"
"2016-08-22 06:28:48","2016-08-24 09:30:28",1,"AUT-2331"
"2018-02-09 06:43:31","2018-02-09 06:43:31",2,7308
"2016-08-22 06:28:48","2016-08-24 09:30:28",0,"AUT"
"2014-03-02 11:39:33","2014-03-02 11:40:31",1,"SVK-1052"
"2012-10-20 10:57:58","2012-10-20 10:59:32",1,"SVK-1056"
"2014-02-13 12:56:16","2014-02-13 12:56:16",2,6327
"2015-06-06 13:33:02","2015-06-06 13:44:40",1,"GBR-2064"
"2014-02-13 12:56:16","2014-02-13 12:56:16",1,"SVK-1051"
"2018-08-04 13:17:11","2018-08-04 16:39:51",2,6435
"2019-09-06 15:52:49","2019-09-06 21:25:11",2,7224
"2018-02-09 01:19:19","2018-02-09 06:43:31",1,"NZL-5468"
"2018-06-26 06:17:59","2018-06-27 13:50:15",2,6327
"2017-06-09 07:35:58","2017-06-09 07:36:02",1,"DEU-1573"
"2015-04-11 15:52:44","2015-04-11 16:59:52",2,7167
"2018-06-26 06:17:59","2018-06-27 13:50:15",1,"SVK-1051"
"2018-04-22 09:37:59","2018-04-24 17:38:07",1,"SVK-1051"
"2018-06-26 06:17:59","2018-06-27 13:50:15",0,"SVK"
"2019-09-06 13:54:15","2019-09-06 23:31:59",1,"USA-3522"
"2012-10-18 11:00:47","2012-10-18 11:02:53",1,"SVK-1051"
"2018-04-30 10:49:53","2018-04-30 10:50:17",1,"AUT-2325"
"2018-01-22 04:58:48","2018-01-23 22:39:29",2,7322
"2015-04-11 14:38:34","2015-04-11 16:59:52",1,"DEU-1578"
"2013-05-25 12:51:34","2013-05-25 12:51:37",1,"DNK-3418"
"2015-04-11 14:38:34","2015-04-13 09:36:15",0,"DEU"
"2012-10-12 17:01:38","2012-10-12 17:01:38",1,"SVK-1056"
"2015-06-06 10:50:52","2015-06-06 10:55:44",1,"GBR-2768"
"2014-01-10 14:29:39","2014-01-18 13:29:00",1,"SVK-1056"
"2018-12-10 07:23:51","2018-12-12 19:35:15",1,"SVK-1051"
"2012-10-12 17:01:38","2012-10-20 11:12:16",0,"SVK"
"2019-09-06 02:21:39","2019-09-06 02:21:39",2,1898
"2015-06-05 20:05:51","2015-06-06 21:57:17",2,7266
"2015-06-05 20:05:51","2015-06-05 20:05:51",1,"GBR-2080"
"2019-07-20 11:47:29","2019-07-20 16:00:21",1,"AUT-2322"
"2018-04-30 09:14:18","2018-04-30 09:14:32",1,"AUT-2327"
"2019-07-20 11:47:29","2019-07-20 16:00:21",0,"AUT"
"2018-12-07 22:36:13","2018-12-07 22:37:09",1,"SVK-1056"
"2012-10-06 15:15:21","2012-10-06 15:15:27",1,"HUN-3156"
"2014-12-20 13:37:06","2014-12-20 15:04:20",2,7204
"2015-03-26 20:10:07","2015-03-27 19:52:07",2,7147
"2012-10-06 15:15:21","2012-10-06 15:15:27",0,"HUN"
"2014-12-20 13:37:06","2014-12-20 15:04:20",1,"DNK-3419"
"2015-03-26 20:10:07","2015-03-27 19:52:07",1,"IRL-5575"
"2018-01-22 00:46:08","2018-02-09 17:36:04",3,86
"2018-04-21 10:09:19","2018-04-21 11:46:06",1,"SVK-1056"
"2017-03-10 23:21:39","2017-03-11 21:39:49",3,12
"2018-01-22 00:46:08","2018-01-23 05:04:08",0,"NZL"
"2015-03-26 18:46:22","2015-03-31 12:17:15",3,69
"2017-03-10 23:21:39","2017-03-11 19:29:09",1,"USA-3546"
"2016-12-31 16:23:16","2016-12-31 18:53:46",1,"USA-3558"
"2018-01-22 00:46:08","2018-01-23 05:04:08",1,"NZL-3398"
"2015-03-26 18:46:22","2015-03-26 18:46:22",1,"IRL-5574"
"2015-03-26 18:46:22","2015-03-31 12:17:15",0,"IRL"
"2018-08-24 11:04:15","2018-08-24 15:31:32",2,6954
"2018-08-24 11:04:15","2018-08-24 15:31:32",1,"HRV-1589"
"2018-01-21 09:04:18","2018-01-21 09:04:18",1,"THA-422"
"2015-04-06 18:16:20","2015-04-06 18:35:20",1,"DNK-3416"
"2018-08-24 11:04:15","2018-09-03 06:22:40",0,"HRV"
"2018-01-22 00:46:08","2018-02-09 17:36:04",4,"Australia"
"2019-04-12 03:21:01","2019-04-12 06:04:19",1,"SVK-1056"
"2018-01-27 06:43:11","2018-01-27 07:30:40",2,7320
"2018-10-24 13:47:43","2018-10-26 06:24:30",1,"SVK-1058"
"2015-04-06 18:16:20","2015-05-31 19:16:04",3,73
"2018-08-24 04:25:29","2018-08-24 04:25:29",1,"SVK-1056"
"2015-04-06 18:16:20","2015-04-06 18:35:20",0,"DNK"
"2019-08-19 05:41:54","2019-08-26 17:16:11",1,"SVK-1051"
"2019-10-18 09:53:02","2019-10-18 13:04:14",1,"PRT-5498"
"2016-12-31 15:31:35","2017-01-02 19:36:28",2,7265
"2019-08-16 18:04:30","2019-08-16 18:05:22",1,"SVK-1056"
"2016-12-31 15:31:35","2016-12-31 15:32:45",1,"USA-3559"
"2018-08-04 06:17:12","2018-08-04 18:08:31",1,"POL-3140"
"2018-08-04 06:17:12","2018-08-04 18:08:31",0,"POL"
"2019-01-23 18:24:38","2019-01-23 18:24:50",2,6976
"2016-07-01 19:26:21","2016-07-03 15:40:04",1,"ISL-705"
"2019-08-13 19:42:38","2019-08-26 17:16:11",2,6327
"2016-07-01 19:26:21","2016-07-05 20:28:39",0,"ISL"
"2018-06-17 11:30:27","2018-06-17 14:23:46",2,3918
"2019-08-13 19:42:38","2019-08-13 19:42:38",1,"SVK-1051"
"2016-12-31 13:13:45","2016-12-31 13:13:45",2,685
"2018-06-17 11:30:27","2018-06-17 18:12:14",1,"FRA-5357"
"2016-08-18 11:36:28","2016-08-21 10:34:52",2,5987
"2016-08-18 11:36:28","2016-08-21 10:34:52",1,"DNK-3416"
"2018-01-27 03:17:06","2018-01-27 18:37:09",1,"NZL-5469"
"2016-08-18 11:36:28","2016-08-21 10:34:52",0,"DNK"
"2019-08-10 12:29:59","2019-08-10 12:30:01",1,"SVK-1053"
"2014-07-19 17:03:15","2014-07-22 17:28:03",1,"SVK-1052"
"2013-03-16 10:58:38","2013-03-16 15:45:56",1,"DNK-3417"
"2016-08-09 17:03:51","2016-08-09 17:03:52",1,"SVK-1056"
"2013-06-22 09:33:15","2013-06-22 15:51:56",2,7135
"2014-07-19 17:03:15","2014-07-29 19:14:24",0,"SVK"
"2016-08-09 17:03:51","2016-08-11 14:55:06",0,"SVK"
"2013-06-22 09:33:15","2013-06-23 07:11:58",1,"NOR-921"
"2018-10-21 18:12:06","2018-10-23 10:47:59",1,"SVK-1051"
"2012-07-15 10:42:03","2012-07-15 14:32:56",3,25
"2012-07-15 10:42:03","2012-07-15 14:32:56",4,"Australia"
"2018-01-27 00:33:57","2018-01-27 00:34:05",1,"NZL-3334"
"2012-07-15 10:42:03","2012-07-15 14:32:56",2,7287
"2012-07-15 10:42:03","2012-07-15 14:32:56",1,"AUS-2654"
"2019-08-09 11:21:35","2019-08-09 11:21:36",2,982
"2013-06-22 07:40:42","2013-06-22 07:40:42",1,"NOR-917"
"2012-07-15 10:42:03","2012-07-15 14:32:56",0,"AUS"
"2018-02-08 07:27:48","2018-02-09 01:19:09",1,"NZL-3334"
"2012-07-15 10:32:23","2012-07-15 10:32:23",3,41
"2016-12-31 13:06:27","2016-12-31 13:13:45",1,"USA-3537"
"2018-01-26 08:50:16","2018-01-26 08:50:21",1,"NZL-5468"
"2012-09-25 10:31:28","2012-10-05 14:19:46",1,"SVK-1051"
"2012-07-15 10:32:23","2012-07-15 10:32:23",4,"Asia"
"2019-10-19 17:38:23","2019-10-20 11:45:11",1,"PRT-5498"
"2019-02-01 17:05:07","2019-02-01 19:09:07",2,6976
"2012-07-15 10:32:23","2012-07-15 10:32:23",2,7288
"2012-07-15 10:32:23","2012-07-15 10:32:23",1,"SGP-4871"
"2019-07-19 16:59:37","2019-07-20 07:06:32",1,"SVK-1056"
"2012-07-15 10:32:23","2012-07-15 10:32:23",0,"SGP"
"2012-09-22 14:55:45","2012-09-24 20:21:22",1,"SVK-1056"
"2018-10-20 15:02:52","2018-10-20 15:03:15",1,"SVK-1056"
"2012-09-22 14:55:45","2012-10-05 14:19:46",0,"SVK"
"2018-12-19 18:03:20","2018-12-21 15:50:03",1,"SVK-1051"
"2015-08-26 06:25:11","2015-08-26 10:29:08",2,6551
"2013-06-21 19:37:10","2013-06-22 06:53:06",1,"NOR-921"
"2015-08-26 06:25:11","2015-08-26 10:29:08",1,"JPN-1850"
"2019-10-17 20:41:11","2019-10-17 21:51:46",1,"PRT-746"
"2013-06-21 19:37:10","2013-06-30 11:49:11",0,"NOR"
"2019-06-22 18:12:28","2019-06-23 09:31:56",1,"NOR-900"
"2019-09-16 10:55:10","2019-09-20 04:55:32",2,3623
"2019-06-23 13:15:39","2019-06-23 13:15:43",2,4963
"2015-06-05 15:47:19","2015-06-05 17:08:19",2,2438
"2019-09-16 10:55:10","2019-09-17 10:11:05",1,"DEU-1591"
"2012-07-12 13:54:11","2012-07-14 18:37:15",2,7287
"2015-06-05 15:47:19","2015-06-05 17:08:19",1,"GBR-2751"
"2019-09-16 10:55:10","2019-09-20 04:55:32",0,"DEU"
"2019-08-09 08:00:46","2019-08-09 11:21:36",1,"SVK-1052"
"2018-12-02 17:55:13","2018-12-07 19:19:55",1,"SVK-1051"
"2018-05-14 17:50:21","2018-06-08 14:17:15",2,6327
"2018-12-02 12:59:56","2018-12-02 12:59:56",1,"SVK-1056"
"2019-06-22 17:12:28","2019-06-22 17:18:03",1,"NOR-75"
"2018-08-20 19:52:55","2018-08-22 07:03:04",2,6327
"2018-12-19 06:48:17","2018-12-19 06:49:01",1,"SVK-1056"
"2019-02-01 00:17:28","2019-02-01 13:11:46",2,5336
"2012-07-12 12:31:31","2012-07-12 13:15:07",2,4666
"2013-06-27 11:16:38","2013-06-27 13:19:42",2,6851
"2018-12-18 11:55:06","2019-01-16 21:38:30",2,6327
"2013-06-27 11:16:38","2013-06-28 20:37:18",1,"NOR-913"
"2018-05-13 15:52:27","2018-05-17 17:32:17",1,"SVK-1051"
"2018-12-18 11:55:06","2018-12-18 11:55:06",1,"SVK-1051"
"2019-09-15 12:35:52","2019-09-15 12:36:15",2,7169
"2018-02-02 01:17:24","2018-02-02 01:17:24",2,7313
"2018-11-29 18:13:05","2018-11-30 15:47:26",1,"SVK-1051"
"2018-07-29 16:09:31","2018-08-03 15:36:31",1,"SVK-1051"
"2018-12-18 11:55:06","2019-01-17 15:09:30",0,"SVK"
"2019-09-15 12:35:52","2019-09-15 12:36:15",1,"CZE-1595"
"2019-07-19 08:45:54","2019-07-19 15:54:25",1,"SVK-1051"
"2016-06-29 01:25:49","2016-06-30 14:02:35",1,"ISL-695"
"2018-01-24 01:43:00","2018-01-24 03:22:47",1,"NZL-5468"
"2019-09-15 12:35:52","2019-09-15 12:36:15",0,"CZE"
"2019-07-19 08:45:54","2019-07-20 07:06:32",0,"SVK"
"2018-08-17 14:40:32","2018-08-22 07:03:04",1,"SVK-1051"
"2017-07-26 07:46:23","2017-07-29 13:35:48",1,"HRV-1490"
"2014-09-04 10:52:11","2014-09-09 16:44:31",3,21
"2017-07-26 07:46:23","2017-07-29 13:35:48",0,"HRV"
"2014-09-04 10:52:11","2014-09-04 10:52:11",1,"USA-3523"
"2019-07-18 18:26:04","2019-07-18 18:26:04",1,"HUN-3156"
"2018-07-29 09:33:59","2018-07-29 09:34:02",1,"SVK-1056"
"2019-07-18 18:26:04","2019-07-18 18:26:04",0,"HUN"
"2018-01-24 21:53:24","2018-01-25 14:39:11",1,"NZL-5468"
"2018-07-29 09:33:59","2018-08-03 15:36:31",0,"SVK"
"2019-10-17 17:56:38","2019-10-17 19:52:35",1,"PRT-5498"
"2019-11-26 08:27:37","2019-11-26 12:28:09",2,3973
"2019-11-26 08:27:37","2019-11-26 12:28:09",1,"ISR-3054"
"2019-10-18 17:36:03","2019-10-18 19:56:10",1,"PRT-5498"
"2019-11-26 08:27:37","2019-11-26 12:28:09",0,"ISR"
"2019-10-17 17:26:36","2019-10-17 17:26:36",1,"PRT-746"
"2018-05-10 17:12:33","2018-05-12 18:29:02",1,"SVK-1056"
"2011-09-02 15:42:50","2011-09-03 15:17:18",1,"SVK-1058"
"2018-10-15 17:52:20","2018-10-18 06:13:47",1,"SVK-1051"
"2019-11-26 08:18:05","2019-11-26 08:18:05",2,7100
"2018-05-10 17:12:33","2018-05-26 07:31:39",0,"SVK"
"2017-12-21 18:12:13","2018-01-17 18:55:45",2,6327
"2019-11-26 08:18:05","2019-11-26 08:18:05",1,"WEB+00?"
"2017-12-21 18:12:13","2017-12-22 09:56:51",1,"SVK-1051"
"2019-11-26 08:18:05","2019-11-26 08:18:05",0,"PSX"
"2019-10-17 16:53:03","2019-10-17 16:53:03",1,"PRT-5498"
"2017-12-21 18:12:13","2018-01-17 18:55:45",0,"SVK"
"2018-10-14 06:24:23","2018-10-14 06:24:23",1,"SVK-1056"
"2018-10-14 06:24:23","2018-11-23 16:36:51",0,"SVK"
"2019-02-15 17:45:32","2019-02-15 17:45:39",1,"SVK-1051"
"2017-06-17 10:35:24","2017-06-18 14:07:57",2,7282
"2015-06-05 11:59:01","2015-06-05 13:39:26",1,"GBR-5703"
"2019-08-08 11:10:30","2019-08-08 18:25:09",1,"SVK-1057"
"2019-04-19 12:28:21","2019-04-19 15:26:32",2,7124
"2017-06-17 10:35:24","2017-06-18 14:07:57",1,"FRA-5333"
"2018-11-29 06:37:46","2018-11-29 12:10:40",1,"SVK-1056"
"2019-04-19 12:28:21","2019-04-19 15:26:32",1,"HUN-3160"
"2017-06-17 10:35:24","2017-06-18 14:07:57",0,"FRA"
"2017-05-28 13:15:40","2017-06-06 18:30:28",2,5987
"2017-05-28 13:15:40","2017-06-08 03:44:25",1,"DNK-3416"
"2012-09-18 14:12:53","2012-09-18 15:12:35",1,"HUN-3156"
"2017-05-28 13:15:40","2017-06-08 03:44:25",0,"DNK"
"2012-09-18 14:12:53","2012-09-18 15:12:35",0,"HUN"
"2017-01-01 22:16:20","2017-01-01 22:36:43",1,"USA-3558"
"2017-03-14 22:40:09","2017-04-02 21:28:11",3,13
"2019-10-17 16:17:23","2019-10-20 15:32:53",3,67
"2018-11-27 18:55:56","2018-12-12 19:35:15",2,6327
"2017-03-14 22:40:09","2017-04-02 00:13:19",2,6801
"2018-11-27 18:55:56","2018-11-27 18:55:56",1,"SVK-1051"
"2017-03-14 22:40:09","2017-04-02 00:13:19",1,"USA-3560"
"2018-11-27 18:55:56","2018-12-12 19:35:15",0,"SVK"
"2019-10-17 16:17:23","2019-10-20 15:32:53",2,7131
"2019-10-17 16:17:23","2019-10-20 15:32:53",0,"PRT"
"2019-10-17 16:17:23","2019-10-17 16:26:35",1,"PRT-746"
"2019-06-28 17:02:10","2019-06-29 08:47:03",2,6849
"2014-09-03 13:53:03","2014-09-04 08:24:41",3,10
"2016-10-31 14:25:55","2016-12-19 00:20:21",3,13
"2014-09-03 13:53:03","2014-09-04 08:24:41",1,"USA-3520"
"2016-10-31 14:25:55","2016-12-17 00:06:44",2,6801
"2014-09-03 13:53:03","2014-09-03 14:01:08",2,1838
"2016-10-31 14:25:55","2016-12-18 21:11:55",1,"USA-3560"
"2015-03-28 12:36:07","2015-03-28 13:55:00",1,"IRL-76"
"2019-06-23 11:23:21","2019-06-24 10:19:29",1,"NOR-75"
"2012-09-11 12:36:37","2012-11-23 16:17:31",2,6327
"2016-10-31 14:25:55","2016-12-19 00:20:21",0,"USA"
"2019-11-21 10:47:04","2019-11-22 05:31:54",2,7195
"2015-06-05 10:33:12","2015-06-05 10:40:26",1,"GBR-2768"
"2016-03-30 15:38:11","2016-03-30 15:41:00",1,"DNK-3417"
"2019-11-21 10:47:04","2019-11-22 05:31:54",1,"ISR-3057"
"2019-02-14 20:43:13","2019-02-14 20:54:33",1,"SVK-1056"
"2018-11-26 09:32:24","2018-11-26 10:46:28",1,"ESP-5820"
"2016-03-30 15:38:11","2016-04-02 15:11:58",0,"DNK"
"2019-10-17 11:45:07","2019-10-17 11:45:08",1,"AUT-2330"
"2018-05-07 16:49:11","2018-05-07 17:51:54",2,2555
"2019-10-17 11:45:07","2019-10-17 11:45:08",0,"AUT"
"2012-07-16 08:36:48","2012-07-16 11:24:57",3,25
"2018-05-07 16:49:11","2018-05-07 17:51:54",1,"SVN-256"
"2018-07-28 16:37:35","2018-07-28 17:37:35",1,"HUN-3156"
"2012-07-16 08:36:48","2012-07-16 11:24:57",4,"Australia"
"2013-06-26 12:43:38","2013-06-26 20:12:58",1,"NOR-915"
"2018-05-07 16:49:11","2018-05-07 17:51:54",0,"SVN"
"2018-07-28 16:37:35","2018-07-28 17:37:35",0,"HUN"
"2012-07-16 08:36:48","2012-07-16 11:24:57",2,7287
"2017-12-17 08:25:47","2017-12-18 10:58:05",1,"AUT-2329"
"2012-09-11 09:40:11","2012-09-11 15:51:34",1,"SVK-1051"
"2012-07-16 08:36:48","2012-07-16 11:24:57",1,"AUS-2654"
"2017-12-17 08:25:47","2017-12-18 10:58:05",0,"AUT"
"2012-09-11 09:40:11","2012-09-11 15:51:34",0,"SVK"
"2015-06-04 19:54:21","2015-06-04 19:54:24",1,"GBR-2080"
"2012-07-16 08:36:48","2012-07-16 11:24:57",0,"AUS"
"2015-03-28 11:53:30","2015-03-28 11:55:15",1,"IRL-713"
"2016-03-22 18:05:36","2016-03-22 18:50:02",2,6327
"2019-09-11 18:07:24","2019-10-17 11:45:08",3,73
"2016-03-22 18:05:36","2016-03-22 18:50:02",1,"SVK-1051"
"2019-09-11 18:07:24","2019-09-14 16:35:53",2,6327
"2019-11-21 08:28:59","2019-11-27 09:18:40",3,66
"2016-03-22 18:05:36","2016-03-22 18:50:02",0,"SVK"
"2009-12-24 15:28:59","2010-02-06 13:22:35",1,"SVK-1053"
"2012-07-16 06:57:43","2012-07-16 06:57:43",3,41
"2019-09-11 18:07:24","2019-09-14 16:35:53",1,"SVK-1051"
"2018-07-27 19:22:39","2018-07-27 19:24:39",1,"SVK-1056"
"2018-01-30 02:25:01","2018-01-31 04:58:14",1,"NZL-3406"
"2012-07-16 06:57:43","2012-07-16 06:57:43",4,"Asia"
"2019-09-11 18:07:24","2019-09-14 16:35:53",0,"SVK"
"2018-01-24 08:30:00","2018-01-24 21:04:51",1,"NZL-3399"
"2012-07-16 06:57:43","2012-07-16 06:57:43",2,7288
"2015-03-28 08:11:47","2015-03-28 08:11:47",1,"IRL-721"
"2019-11-21 08:28:59","2019-11-27 09:18:40",4,"Asia"
"2015-06-04 18:35:22","2015-06-04 18:42:18",1,"GBR-2072"
"2012-07-16 06:57:43","2012-07-16 06:57:43",1,"SGP-4871"
"2019-06-28 13:46:10","2019-06-29 13:14:23",1,"NOR-900"
"2019-11-21 08:28:59","2019-11-22 07:40:31",0,"ISR"
"2012-07-16 06:57:43","2012-07-16 06:57:43",0,"SGP"
"2013-06-20 13:49:46","2013-06-20 18:50:20",1,"DNK-3419"
"2019-01-23 20:15:35","2019-01-23 22:24:05",3,17
"2019-11-21 08:28:59","2019-11-21 08:51:57",1,"ISR-3055"
"2018-09-15 17:45:57","2018-09-17 16:29:10",2,6865
"2019-09-07 12:54:44","2019-09-07 12:54:44",3,69
"2017-12-02 14:52:17","2017-12-02 14:52:19",2,6327
"2013-06-20 13:49:46","2013-06-20 18:50:20",2,7204
"2019-01-23 20:15:35","2019-01-23 20:17:33",2,6976
"2017-12-02 14:52:17","2017-12-02 14:52:19",1,"SVK-1051"
"2019-09-07 12:54:44","2019-11-21 02:40:55",4,"Europe"
"2019-01-23 20:15:35","2019-01-23 22:24:05",1,"CHL-2692"
"2019-09-07 12:54:44","2019-09-07 12:54:44",1,"GBR-2753"
"2017-12-02 14:52:17","2017-12-02 14:52:19",0,"SVK"
"2019-01-23 20:15:35","2019-01-23 22:24:05",0,"CHL"
"2019-09-07 12:54:44","2019-09-07 12:54:44",0,"GBR"
"2019-11-21 02:40:55","2019-11-21 02:40:55",1,"AUT-2330"
"2019-11-21 02:40:55","2019-11-21 02:40:55",0,"AUT"
"2019-06-28 12:24:15","2019-06-28 12:24:31",1,"NOR-75"
"2016-12-21 13:39:16","2016-12-22 11:46:19",1,"AUT-2323"
"2016-03-10 11:39:50","2016-03-10 11:43:13",1,"DNK-3420"
"2014-09-01 13:31:26","2014-09-01 14:11:01",1,"USA-3559"
"2018-11-12 07:23:46","2018-11-15 19:24:42",1,"SVK-1051"
"2016-03-10 11:39:50","2016-03-10 11:43:13",0,"DNK"
"2018-02-08 00:34:12","2018-02-08 04:46:52",2,7320
"2016-12-21 13:39:16","2016-12-22 11:46:19",0,"AUT"
"2018-02-08 00:34:12","2018-02-08 04:46:52",1,"NZL-5469"
"2017-03-11 21:05:40","2017-03-11 21:39:49",1,"USA-3547"
"2019-01-23 20:12:39","2019-01-23 20:12:39",3,84
"2018-02-08 00:34:12","2018-02-09 17:36:04",0,"NZL"
"2019-06-27 19:31:54","2019-06-27 19:31:54",1,"NOR-900"
"2019-01-23 20:12:39","2019-01-23 20:12:39",1,"ARG-1271"
"2016-12-20 12:38:06","2016-12-22 11:46:19",4,"Europe"
"2012-09-09 14:25:12","2012-09-09 15:14:58",1,"HUN-3156"
"2019-01-23 20:12:39","2019-01-23 20:12:39",0,"ARG"
"2016-12-20 12:38:06","2016-12-22 11:46:19",3,73
"2012-09-09 14:25:12","2012-09-09 15:14:58",0,"HUN"
"2016-12-20 12:38:06","2016-12-20 12:38:06",1,"SVK-1056"
"2013-06-01 14:15:32","2013-06-01 17:18:14",2,5987
"2016-12-20 12:38:06","2016-12-20 12:38:06",0,"SVK"
"2018-09-15 10:56:11","2018-09-17 16:29:10",1,"MAR-1456"
"2016-07-04 22:53:41","2016-07-05 17:36:28",1,"ISL-5131"
"2012-09-09 14:24:26","2012-09-09 14:24:26",1,"SVK-1056"
"2012-09-09 14:24:26","2012-09-09 14:24:26",0,"SVK"
"2019-02-23 14:57:46","2019-02-23 15:01:58",1,"SVK-1052"
"2019-02-12 18:05:15","2019-02-13 20:47:52",1,"SVK-1051"
"2009-09-30 12:33:31","2012-06-17 14:32:44",4,"Europe"
"2019-06-21 18:45:43","2019-06-22 16:34:49",1,"NOR-900"
"2016-09-11 18:02:19","2016-10-29 09:03:26",2,5987
"2009-09-30 12:33:31","2012-06-17 14:32:44",3,73
"2018-07-01 17:25:11","2018-07-01 17:25:11",1,"HUN-3156"
"2014-09-01 13:24:11","2014-09-01 13:24:29",1,"USA-3558"
"2019-06-21 18:45:43","2019-06-24 10:19:29",0,"NOR"
"2016-09-11 18:02:19","2016-10-29 09:03:26",1,"DNK-3416"
"2009-09-30 12:33:31","2009-10-02 08:43:51",1,"SVK-1051"
"2018-07-01 17:25:11","2018-07-01 17:25:11",0,"HUN"
"2016-09-11 18:02:19","2016-10-29 09:03:26",0,"DNK"
"2016-12-19 00:20:14","2016-12-19 00:20:21",1,"USA-3559"
"2019-11-17 07:20:01","2019-11-19 18:24:38",2,6327
"2009-09-30 12:33:31","2012-05-18 16:48:02",0,"SVK"
"2019-11-17 07:20:01","2019-11-19 18:24:38",1,"SVK-1051"
"2013-06-26 06:53:56","2013-06-26 08:39:23",1,"NOR-920"
"2018-11-11 12:05:18","2018-11-11 12:05:36",1,"SVK-1056"
"2012-09-09 14:23:38","2012-09-09 14:24:09",1,"HUN-3156"
"2012-09-09 14:23:38","2012-09-09 14:24:09",0,"HUN"
"2013-06-01 14:15:32","2013-06-01 17:18:14",1,"DNK-3416"
"2019-02-09 12:09:39","2019-02-09 17:19:40",1,"SVK-1056"
"2012-07-15 16:42:39","2012-07-16 06:22:17",3,25
"2016-08-28 16:34:15","2016-08-28 16:35:11",1,"POL-3148"
"2016-12-18 23:52:54","2016-12-19 00:20:21",2,7265
"2014-09-01 08:20:21","2014-09-01 14:11:01",2,7265
"2012-07-15 16:42:39","2012-07-16 06:22:17",4,"Australia"
"2016-08-28 16:34:15","2016-08-28 16:35:11",0,"POL"
"2016-12-18 23:52:54","2016-12-18 23:53:15",1,"USA-3558"
"2014-09-01 08:20:21","2014-09-01 08:20:27",1,"USA-3559"
"2012-07-15 16:42:39","2012-07-16 06:22:17",2,7287
"2018-04-03 11:39:42","2018-04-04 12:27:15",2,5987
"2012-07-15 16:42:39","2012-07-16 06:22:17",1,"AUS-2654"
"2015-03-18 15:59:03","2015-03-18 16:18:29",2,5987
"2018-04-03 11:39:42","2018-04-04 12:27:15",1,"DNK-3416"
"2012-07-15 16:42:39","2012-07-16 06:22:17",0,"AUS"
"2015-03-18 15:59:03","2015-03-26 14:06:48",1,"DNK-3416"
"2018-04-03 11:39:42","2018-04-04 12:27:15",0,"DNK"
"2019-02-23 13:20:08","2019-02-23 13:20:18",1,"SVK-1053"
"2016-08-26 18:29:35","2016-08-26 18:29:35",1,"SVK-1056"
"2019-06-14 14:36:08","2019-06-15 14:24:07",1,"CHE-165"
"2016-08-26 18:29:35","2016-08-26 18:29:35",0,"SVK"
"2018-05-06 18:03:36","2018-05-07 10:58:06",0,"HRV"
"2017-12-01 07:59:28","2018-01-17 18:55:45",3,73
"2012-07-15 05:57:45","2012-07-15 08:55:09",3,25
"2018-08-25 17:20:58","2018-09-03 06:22:40",1,"HRV-1490"
"2017-12-01 07:59:28","2017-12-01 09:28:28",2,7124
"2012-07-15 05:57:45","2012-07-15 08:55:09",4,"Australia"
"2018-05-06 17:51:43","2018-05-06 17:51:43",1,"SVK-1056"
"2017-12-01 07:59:28","2017-12-01 09:28:28",1,"HUN-3160"
"2012-07-15 05:57:45","2012-07-15 08:55:09",2,7287
"2019-04-19 09:39:33","2019-04-19 10:25:08",1,"HUN-3164"
"2017-12-01 07:59:28","2017-12-01 09:28:28",0,"HUN"
"2012-07-15 05:57:45","2012-07-15 08:55:09",1,"AUS-2654"
"2014-08-31 13:33:56","2014-08-31 13:33:58",1,"USA-3556"
"2019-04-19 09:39:33","2019-04-19 15:26:32",0,"HUN"
"2017-07-22 09:02:28","2017-07-22 10:45:03",2,4584
"2012-07-15 16:32:59","2012-07-15 16:33:02",3,41
"2012-07-15 05:57:45","2012-07-15 08:55:09",0,"AUS"
"2015-03-11 06:42:00","2015-03-11 06:42:00",1,"DNK-3418"
"2014-08-31 13:33:56","2014-08-31 13:33:58",2,7264
"2017-07-22 09:02:28","2017-07-22 13:39:58",1,"BIH-2228"
"2012-07-15 16:32:59","2012-07-15 16:33:02",4,"Asia"
"2018-08-25 05:48:53","2018-08-25 05:49:22",1,"HRV-1491"
"2012-07-15 16:32:59","2012-07-15 16:33:02",2,7288
"2018-05-06 18:03:36","2018-05-07 10:58:06",1,"HRV-1493"
"2018-01-23 05:25:18","2018-01-23 22:39:29",1,"NZL-3398"
"2012-07-15 16:32:59","2012-07-15 16:33:02",1,"SGP-4872"
"2019-04-15 07:00:42","2019-04-15 07:00:42",2,6327
"2018-01-23 05:25:18","2018-01-31 04:58:14",0,"NZL"
"2012-07-15 16:32:59","2012-07-15 16:33:02",0,"SGP"
"2019-04-15 07:00:42","2019-04-15 07:00:42",1,"SVK-1051"
"2018-11-09 05:44:34","2018-11-09 19:06:33",1,"SVK-1051"
"2019-11-29 19:58:38","2020-01-01 14:15:43",3,73
"2019-08-31 23:41:51","2019-09-01 21:00:51",2,7109
"2019-11-29 19:58:38","2020-01-01 14:15:43",4,"Europe"
"2019-11-15 11:59:56","2019-11-16 11:42:22",1,"SVK-1056"
"2019-11-29 19:58:38","2019-12-17 22:40:45",2,6327
"2018-05-06 17:51:43","2018-05-06 17:51:43",0,"SVK"
"2019-11-29 19:58:38","2019-12-11 17:55:59",1,"SVK-1051"
"2019-11-29 19:58:38","2019-12-20 04:55:04",0,"SVK"
"2016-01-07 12:26:02","2016-02-24 13:28:05",2,5987
"2016-01-07 12:26:02","2016-02-24 13:28:05",1,"DNK-3416"
"2016-01-07 12:26:02","2016-02-24 13:28:05",0,"DNK"
"2016-08-25 18:37:24","2016-08-25 18:41:46",1,"HUN-3156"
"2019-09-02 19:41:34","2019-09-06 23:31:59",3,10
"2017-11-20 09:36:09","2017-11-20 10:43:41",2,7075
"2016-08-25 18:37:24","2016-08-25 18:41:46",0,"HUN"
"2015-07-30 14:16:13","2015-07-30 17:07:47",1,"HRV-1493"
"2017-11-20 09:36:09","2017-11-20 10:43:41",1,"BGR-2243"
"2015-07-30 14:16:13","2015-08-07 18:20:32",0,"HRV"
"2013-05-25 16:11:30","2013-05-25 16:53:31",2,4140
"2016-01-01 13:18:22","2016-01-01 13:18:22",1,"SVK-1056"
"2014-08-30 15:46:39","2014-09-09 16:44:31",4,"North America"
"2018-11-07 18:22:50","2018-11-07 18:23:37",1,"SVK-1056"
"2012-07-12 10:58:19","2012-07-12 11:41:58",2,7287
"2014-08-30 15:46:39","2014-09-01 14:11:01",3,13
"2015-07-29 16:44:25","2015-07-29 16:44:25",2,6327
"2014-08-30 15:46:39","2014-08-30 19:16:07",2,7265
"2015-12-30 19:45:52","2015-12-30 19:45:52",2,6327
"2015-07-29 16:44:25","2015-07-29 16:44:25",1,"SVK-1051"
"2014-08-30 15:46:39","2014-09-09 16:44:31",0,"USA"
"2015-12-30 19:45:52","2015-12-30 19:45:52",1,"SVK-1051"
"2012-07-15 16:21:05","2012-07-15 16:23:33",3,25
"2014-08-30 15:46:39","2014-08-30 19:16:07",1,"USA-3559"
"2015-12-18 11:14:11","2015-12-18 14:25:32",1,"SVK-1052"
"2012-07-15 16:21:05","2012-07-15 16:23:33",4,"Australia"
"2018-02-01 00:06:53","2018-02-01 01:53:27",2,7335
"2012-07-14 19:23:38","2012-07-14 19:59:15",4,"Asia"
"2015-12-18 11:14:11","2016-01-01 13:18:22",0,"SVK"
"2012-07-15 16:21:05","2012-07-15 16:23:33",2,7287
"2018-02-01 00:06:53","2018-02-02 20:37:12",1,"NZL-3407"
"2012-07-15 16:21:05","2012-07-15 16:23:33",1,"AUS-2654"
"2018-02-01 00:06:53","2018-02-07 21:52:57",0,"NZL"
"2012-07-14 19:23:38","2012-07-14 19:59:15",3,41
"2012-07-15 16:21:05","2012-07-15 16:23:33",0,"AUS"
"2012-07-14 19:23:38","2012-07-14 19:59:15",2,7288
"2012-07-14 19:23:38","2012-07-14 19:59:15",0,"SGP"
"2012-07-14 19:23:38","2012-07-14 19:59:15",1,"SGP-4871"
"2019-03-20 19:28:11","2019-03-24 16:35:25",1,"SVK-1051"
"2018-03-27 16:08:08","2018-03-27 17:02:06",2,6327
"2018-03-27 16:08:08","2018-03-27 17:02:06",1,"SVK-1051"
"2019-02-05 17:19:37","2019-08-26 17:16:11",3,73
"2015-07-28 13:20:00","2015-07-28 13:37:06",1,"SVK-1052"
"2019-02-05 17:19:37","2019-08-26 17:16:11",4,"Europe"
"2019-02-05 17:19:37","2019-02-15 17:45:39",2,6327
"2019-09-02 16:33:20","2019-09-02 23:33:51",1,"USA-3515"
"2019-02-05 17:19:37","2019-02-08 18:39:28",1,"SVK-1051"
"2016-08-11 14:54:47","2016-08-11 14:55:06",1,"SVK-1057"
"2019-02-05 17:19:37","2019-04-15 07:00:42",0,"SVK"
"2018-02-05 07:44:13","2018-02-05 08:37:55",2,7321
"2019-01-07 16:58:48","2019-01-11 18:54:09",1,"SVK-1051"
"2014-08-01 16:32:46","2014-08-01 16:54:14",2,3561
"2018-03-24 10:39:10","2018-03-24 10:39:16",1,"SVK-1052"
"2014-08-01 16:32:46","2014-08-01 16:54:14",1,"HRV-1492"
"2019-11-13 17:23:50","2019-11-13 17:25:34",1,"SVK-1051"
"2019-03-16 11:08:35","2019-03-16 11:10:47",1,"SVK-1056"
"2014-08-01 16:32:46","2014-08-01 16:54:14",0,"HRV"
"2019-11-13 17:23:50","2019-11-19 18:24:38",0,"SVK"
"2015-11-17 17:10:32","2015-11-18 11:34:32",2,7204
"2019-01-06 10:06:41","2019-01-06 10:06:41",1,"SVK-1056"
"2019-01-22 20:38:08","2019-01-23 03:30:29",1,"CHL-2698"
"2019-04-12 14:57:32","2019-04-12 15:47:47",1,"SVK-1055"
"2015-11-17 17:10:32","2015-11-18 11:34:32",1,"DNK-3419"
"2017-06-11 08:00:39","2017-06-11 19:29:11",2,5987
"2019-11-27 09:16:19","2019-11-27 09:18:40",1,"ISR-3055"
"2017-04-22 12:08:23","2017-05-24 13:45:48",2,5987
"2017-06-11 08:00:39","2017-06-11 19:29:11",1,"DNK-3416"
"2017-04-22 12:08:23","2017-05-24 13:45:48",1,"DNK-3416"
"2017-06-11 08:00:39","2017-06-11 19:29:11",0,"DNK"
"2014-07-29 19:14:24","2014-07-29 19:14:24",1,"SVK-1056"
"2012-07-15 15:34:48","2012-07-15 16:10:21",3,41
"2015-03-07 09:57:14","2015-03-07 10:10:26",1,"DNK-3416"
"2012-07-15 15:34:48","2012-07-15 16:10:21",4,"Asia"
"2015-03-07 09:57:14","2015-03-26 14:06:48",0,"DNK"
"2012-07-15 15:34:48","2012-07-15 16:10:21",2,7288
"2019-02-03 00:10:04","2019-02-03 00:10:04",2,1549
"2012-07-15 15:34:48","2012-07-15 16:10:21",1,"SGP-4872"
"2012-07-15 15:34:48","2012-07-15 16:10:21",0,"SGP"
"2018-11-04 15:27:42","2018-11-05 17:49:46",1,"SVK-1051"
"2017-06-10 11:19:40","2017-06-10 11:19:47",1,"DEU-1576"
"2014-01-10 14:23:39","2014-08-01 16:54:14",3,73
"2015-07-27 11:39:11","2015-07-27 13:14:18",1,"SVK-1053"
"2015-02-28 12:26:39","2015-02-28 12:26:55",1,"SVK-1053"
"2018-03-21 19:16:17","2018-03-21 19:17:01",1,"SVK-1056"
"2014-01-10 14:23:39","2014-01-10 14:24:00",1,"SVK-1051"
"2015-02-28 12:26:39","2015-02-28 12:26:55",0,"SVK"
"2014-01-10 14:23:39","2014-06-24 10:40:39",0,"SVK"
"2015-07-25 16:04:16","2015-07-25 16:04:16",1,"SVK-1052"
"2012-05-19 11:12:06","2012-06-06 07:02:16",1,"SVK-1051"
"2018-10-05 19:23:38","2018-10-07 12:35:23",2,2673
"2017-05-25 09:32:11","2017-05-25 10:38:57",1,"DNK-3418"
"2018-10-05 19:23:38","2018-10-06 12:25:52",1,"SVK-1057"
"2012-05-19 11:12:06","2012-06-17 13:11:30",0,"SVK"
"2017-04-11 12:30:30","2017-04-11 17:15:06",1,"DNK-3419"
"2017-05-25 09:32:11","2017-05-25 10:38:57",0,"DNK"
"2016-07-04 18:56:55","2016-07-04 20:57:35",1,"ISL-705"
"2017-04-11 12:30:30","2017-05-24 13:45:48",0,"DNK"
"2015-07-25 13:23:14","2015-07-25 13:23:14",1,"SVK-1053"
"2012-07-15 15:31:13","2012-07-15 15:33:14",3,25
"2012-07-15 15:31:13","2012-07-15 15:33:14",4,"Australia"
"2012-07-15 15:31:13","2012-07-15 15:33:14",2,7287
"2012-07-15 15:31:13","2012-07-15 15:33:14",1,"AUS-2654"
"2012-07-15 15:31:13","2012-07-15 15:33:14",0,"AUS"
"2013-01-26 13:09:23","2013-03-09 14:34:22",2,5987
"2013-01-26 13:09:23","2013-03-22 16:29:59",0,"DNK"
"2015-07-24 18:36:20","2015-07-24 18:46:36",1,"SVK-1052"
"2014-07-26 09:54:58","2014-07-26 14:48:26",1,"SVK-1053"
"2018-11-01 13:25:34","2018-11-01 18:02:32",1,"SVK-1056"
"2013-01-26 13:09:23","2013-03-09 14:34:22",1,"DNK-3416"
"2015-07-24 18:36:20","2015-07-29 16:44:25",0,"SVK"
"2012-07-15 15:30:44","2012-07-15 15:30:44",3,41
"2019-01-22 20:19:24","2019-01-23 20:05:01",3,17
"2012-05-19 10:00:38","2012-05-19 10:00:57",1,"AUT-2330"
"2012-07-15 15:30:44","2012-07-15 15:30:44",4,"Asia"
"2019-01-22 20:19:24","2019-01-22 20:20:17",1,"CHL-2699"
"2012-05-19 10:00:38","2012-05-19 10:00:57",0,"AUT"
"2019-11-26 15:41:56","2019-11-26 19:21:15",2,7195
"2012-07-15 15:30:44","2012-07-15 15:30:44",2,7288
"2012-12-31 22:06:08","2012-12-31 22:06:08",1,"SVK-1056"
"2019-06-14 09:39:35","2019-06-14 11:07:20",1,"CHE-170"
"2019-11-26 15:41:56","2019-11-26 19:21:15",1,"ISR-3057"
"2012-07-15 15:30:44","2012-07-15 15:30:44",1,"SGP-4872"
"2019-01-22 20:19:24","2019-01-23 20:05:01",0,"CHL"
"2012-07-15 15:30:44","2012-07-15 15:30:44",0,"SGP"
"2018-04-29 08:45:25","2018-04-29 15:13:46",1,"AUT-2325"
"2019-08-05 19:24:14","2019-08-06 17:29:19",2,6327
"2014-07-23 16:38:38","2014-07-23 16:39:07",1,"SVK-1057"
"2019-08-05 19:24:14","2019-08-06 17:29:19",1,"SVK-1051"
"2012-07-15 15:30:41","2012-07-15 15:30:41",3,25
"2019-06-14 07:59:28","2019-06-14 07:59:28",1,"CHE-169"
"2012-07-15 15:30:41","2012-07-15 15:30:41",4,"Australia"
"2019-11-08 18:42:20","2019-11-08 19:29:17",2,7260
"2012-07-15 15:30:41","2012-07-15 15:30:41",2,7287
"2012-05-18 16:48:02","2012-05-18 16:48:02",1,"SVK-1056"
"2019-11-08 18:42:20","2019-11-08 19:29:17",1,"AUT-2331"
"2012-07-15 15:30:41","2012-07-15 15:30:41",1,"AUS-2654"
"2019-11-08 18:42:20","2019-11-08 19:29:17",0,"AUT"
"2012-07-15 15:30:41","2012-07-15 15:30:41",0,"AUS"
"2019-10-18 13:27:58","2019-10-18 16:12:44",1,"PRT-746"
"2017-08-17 07:15:06","2017-10-14 09:54:27",2,5987
"2017-08-17 07:15:06","2017-10-14 09:54:27",1,"DNK-3416"
"2012-07-15 15:28:43","2012-07-15 15:28:43",3,41
"2017-08-17 07:15:06","2017-10-14 09:54:27",0,"DNK"
"2012-07-15 15:28:43","2012-07-15 15:28:43",4,"Asia"
"2015-09-11 16:52:58","2015-10-30 12:39:30",1,"DNK-3416"
"2012-07-15 15:28:43","2012-07-15 15:28:43",2,7288
"2012-07-15 15:28:43","2012-07-15 15:28:43",1,"SGP-4872"
"2016-06-22 15:34:46","2016-06-23 15:51:01",1,"ISL-710"
"2019-04-12 12:28:26","2019-04-12 14:45:31",1,"SVK-1056"
"2012-07-15 15:28:43","2012-07-15 15:28:43",0,"SGP"
"2017-08-07 04:18:33","2017-08-07 04:18:33",1,"AUT-2330"
"2012-07-03 18:23:28","2012-07-14 18:37:15",4,"Australia"
"2017-08-07 04:18:33","2017-08-07 04:18:33",0,"AUT"
"2014-07-21 12:30:41","2014-07-21 12:34:23",2,982
"2015-09-11 16:52:58","2016-10-29 09:03:26",4,"Europe"
"2012-07-03 18:23:28","2012-07-14 18:37:15",3,25
"2012-07-03 18:23:28","2012-07-12 08:45:45",2,7287
"2015-09-11 16:52:58","2015-10-30 12:39:30",2,5987
"2015-08-24 02:08:10","2015-08-24 09:49:18",2,5306
"2012-07-03 18:23:28","2012-07-14 18:37:15",0,"AUS"
"2017-08-06 15:56:13","2017-08-06 15:56:13",1,"SVK-1051"
"2015-09-11 16:52:58","2016-06-19 08:17:24",3,73
"2015-08-24 02:08:10","2015-08-24 09:49:18",1,"JPN-1857"
"2018-04-29 08:02:00","2018-04-29 08:16:30",1,"AUT-2327"
"2012-07-03 18:23:28","2012-07-14 18:37:15",1,"AUS-2654"
"2015-09-11 16:52:58","2015-11-18 11:34:32",0,"DNK"
"2018-03-05 18:54:41","2018-03-20 17:48:36",1,"SVK-1051"
"2016-07-29 15:30:34","2016-07-29 18:23:04",2,295
"2019-08-04 18:34:11","2019-08-04 18:55:21",1,"SVK-1056"
"2016-07-29 15:30:34","2016-07-29 18:23:04",1,"HRV-1491"
"2019-08-04 18:34:11","2019-08-26 17:16:11",0,"SVK"
"2019-04-26 13:24:45","2019-05-31 05:33:36",2,6327
"2019-03-08 17:01:49","2019-03-15 10:41:55",1,"SVK-1051"
"2016-07-29 15:30:34","2016-07-29 18:23:04",0,"HRV"
"2019-04-26 13:24:45","2019-05-06 17:59:58",1,"SVK-1051"
"2018-04-18 06:50:59","2018-04-24 17:38:07",2,6327
"2018-10-01 05:08:46","2018-10-04 15:03:17",1,"SVK-1051"
"2019-08-30 16:41:32","2019-09-06 23:31:59",4,"North America"
"2012-12-27 13:37:04","2012-12-31 17:10:14",2,6327
"2016-07-28 17:24:07","2016-07-28 17:24:07",1,"SVK-1056"
"2019-08-30 16:41:32","2019-09-02 16:42:03",3,21
"2018-04-13 16:22:37","2018-04-18 11:50:51",1,"SVK-1051"
"2012-12-27 13:37:04","2012-12-31 17:10:14",1,"SVK-1051"
"2016-07-28 17:24:07","2016-07-28 17:24:07",0,"SVK"
"2019-08-30 16:41:32","2019-08-31 04:24:54",2,7256
"2018-04-13 16:22:37","2018-04-25 17:45:07",0,"SVK"
"2018-09-27 19:17:23","2018-09-27 19:17:23",1,"SVK-1056"
"2016-06-30 18:14:58","2016-06-30 21:52:22",1,"ISL-695"
"2018-10-29 14:48:16","2018-11-20 19:49:49",2,6327
"2012-07-15 15:26:20","2012-07-15 15:28:10",3,25
"2019-08-30 16:41:32","2019-08-31 19:49:40",0,"CAN"
"2016-06-30 18:14:58","2016-07-01 16:47:49",0,"ISL"
"2018-10-29 14:48:16","2018-11-01 08:38:42",1,"SVK-1051"
"2012-07-15 15:26:20","2012-07-15 15:28:10",4,"Australia"
"2019-08-30 16:41:32","2019-08-31 19:49:40",1,"CAN-633"
"2019-04-26 08:21:15","2019-04-26 12:30:33",1,"SVK-1056"
"2012-07-15 15:26:20","2012-07-15 15:28:10",2,7287
"2017-08-03 13:10:25","2017-08-05 08:47:21",1,"SVK-1052"
"2019-04-26 08:21:15","2019-06-13 15:05:41",0,"SVK"
"2017-04-07 17:03:10","2017-11-17 14:30:02",3,73
"2012-12-23 17:52:36","2012-12-23 17:52:36",1,"SVK-1056"
"2012-07-15 15:26:20","2012-07-15 15:28:10",1,"AUS-2654"
"2016-06-22 14:21:36","2016-06-22 14:35:08",1,"ISL-5131"
"2017-04-07 17:03:10","2018-01-17 18:55:45",4,"Europe"
"2013-11-26 12:35:48","2013-11-26 12:35:55",2,6327
"2019-11-26 13:52:15","2019-11-26 14:21:36",2,3973
"2019-08-31 21:19:14","2019-09-02 14:42:01",1,"USA-3519"
"2012-07-15 15:26:20","2012-07-15 15:28:10",0,"AUS"
"2017-04-07 17:03:10","2017-04-07 17:03:30",2,5987
"2019-06-14 06:06:58","2019-06-14 07:07:47",2,7130
"2013-11-26 12:35:48","2013-11-26 12:35:55",1,"SVK-1051"
"2019-11-26 13:52:15","2019-11-26 14:21:36",1,"ISR-3054"
"2019-08-31 21:19:14","2019-09-06 23:31:59",0,"USA"
"2017-04-07 17:03:10","2017-04-07 17:03:30",1,"DNK-3416"
"2019-06-14 06:06:58","2019-06-14 07:07:47",1,"CHE-176"
"2013-11-26 12:35:48","2013-12-27 19:27:03",0,"SVK"
"2017-08-03 10:30:27","2017-08-03 10:30:27",1,"SVK-1053"
"2017-01-01 03:30:50","2017-01-01 19:05:06",1,"USA-3559"
"2019-08-29 16:34:22","2019-08-29 16:34:22",1,"GBR-2755"
"2017-04-07 17:03:10","2017-04-07 17:03:30",0,"DNK"
"2019-06-14 06:06:58","2019-06-15 18:53:47",0,"CHE"
"2012-07-15 15:26:13","2012-07-15 15:26:13",3,41
"2019-11-26 13:22:23","2019-11-26 13:22:23",2,7195
"2012-07-15 15:26:13","2012-07-15 15:26:13",4,"Asia"
"2019-11-24 07:36:24","2019-11-25 18:48:43",2,7195
"2018-04-12 19:17:37","2018-04-12 20:34:50",2,7260
"2019-04-24 16:57:55","2019-04-24 16:58:00",1,"HUN-3156"
"2019-03-05 17:09:44","2019-03-05 17:12:14",1,"SVK-1056"
"2019-11-26 13:22:23","2019-11-26 13:22:23",1,"ISR-3057"
"2012-07-15 15:26:13","2012-07-15 15:26:13",2,7288
"2019-11-24 07:36:24","2019-11-24 14:04:18",1,"ISR-3057"
"2017-08-02 10:24:10","2017-08-02 10:24:10",1,"SVK-1052"
"2018-04-12 19:17:37","2018-04-12 20:34:50",1,"AUT-2331"
"2019-04-24 16:57:55","2019-04-24 16:58:00",0,"HUN"
"2019-09-02 02:31:57","2019-09-02 14:42:01",2,6216
"2019-06-13 15:05:41","2019-06-13 15:05:41",1,"SVK-1051"
"2019-11-24 07:36:24","2019-11-26 08:07:07",0,"ISR"
"2018-04-12 19:17:37","2018-04-12 20:34:50",0,"AUT"
"2016-07-15 17:23:57","2016-10-29 09:03:26",3,73
"2012-12-20 13:24:06","2012-12-20 13:24:27",1,"SVK-1053"
"2016-07-15 17:23:57","2016-07-21 17:31:25",2,5987
"2013-06-30 18:55:11","2013-06-30 18:55:11",2,5987
"2016-07-15 17:23:57","2016-07-21 17:31:25",1,"DNK-3416"
"2019-11-24 07:36:23","2019-11-24 07:36:23",2,7100
"2016-07-15 17:23:57","2016-07-21 17:31:25",0,"DNK"
"2019-06-11 19:28:33","2019-06-11 19:28:33",1,"SVK-1056"
"2018-02-28 18:50:12","2018-02-28 18:50:45",1,"SVK-1056"
"2018-01-20 21:13:08","2018-01-21 09:04:18",4,"Asia"
"2013-06-30 18:55:11","2013-07-01 06:16:45",1,"DNK-3416"
"2012-06-17 14:14:46","2012-06-17 14:32:44",1,"HUN-3156"
"2018-04-10 17:56:47","2018-04-11 07:24:59",1,"SVK-1051"
"2019-02-22 18:18:30","2019-02-23 12:48:24",1,"SVK-1052"
"2018-05-26 19:16:53","2018-06-08 14:17:15",1,"SVK-1051"
"2019-11-24 07:36:23","2019-11-24 07:36:23",1,"WEB+00?"
"2012-06-17 14:14:46","2012-06-17 14:32:44",0,"HUN"
"2018-05-26 19:16:53","2018-06-10 13:58:04",0,"SVK"
"2019-04-21 10:10:59","2019-04-21 11:02:42",2,982
"2019-10-19 15:15:54","2019-10-19 16:37:58",1,"PRT-746"
"2018-01-21 01:25:17","2018-01-21 06:19:56",1,"THA-416"
"2012-07-30 14:03:16","2012-07-30 14:03:16",2,2671
"2018-01-20 21:13:08","2018-01-21 09:04:18",3,55
"2015-06-08 18:56:08","2015-08-20 21:59:46",3,73
"2019-01-24 00:34:02","2019-01-24 00:34:03",2,7049
"2015-06-04 18:32:21","2015-06-04 18:32:21",1,"GBR-2080"
"2015-06-08 18:56:08","2015-07-17 08:45:30",2,5987
"2018-01-21 01:25:17","2018-01-21 06:19:56",2,7236
"2013-06-30 18:55:11","2013-07-01 06:16:45",0,"DNK"
"2015-06-08 18:56:08","2015-07-17 08:45:30",1,"DNK-3416"
"2019-11-24 07:36:23","2019-11-24 07:36:23",0,"PSX"
"2016-06-21 23:25:48","2016-07-05 20:28:39",3,69
"2015-06-08 18:56:08","2015-07-17 08:45:30",0,"DNK"
"2016-06-21 23:25:48","2016-06-23 15:51:01",0,"ISL"
"2018-01-20 21:13:08","2018-01-21 09:04:18",0,"THA"
"2019-03-02 15:16:19","2019-03-04 15:58:30",1,"SVK-1051"
"2019-02-18 19:02:15","2019-02-18 19:24:14",2,6327
"2018-01-20 21:13:08","2018-01-20 21:13:08",1,"THA-422"
"2019-02-18 19:02:15","2019-02-18 19:24:14",1,"SVK-1051"
"2019-07-27 08:59:27","2019-08-04 05:17:25",1,"HRV-1490"
"2018-01-29 01:43:45","2018-01-29 23:39:02",1,"NZL-3403"
"2013-06-30 10:34:58","2013-06-30 10:35:19",2,6325
"2018-04-08 16:38:01","2018-04-08 16:38:19",1,"SVK-1056"
"2019-07-27 08:59:27","2019-08-04 05:17:25",0,"HRV"
"2017-06-19 06:23:30","2017-07-15 10:08:48",1,"DNK-3416"
"2013-04-08 10:31:56","2013-05-19 14:39:26",2,5987
"2018-02-22 21:31:12","2018-03-20 17:48:36",2,6327
"2013-06-30 10:34:58","2013-06-30 11:49:11",1,"NOR-916"
"2014-07-12 13:19:29","2014-07-12 15:36:04",2,7204
"2013-04-08 10:31:56","2013-05-19 14:39:26",1,"DNK-3416"
"2018-02-22 21:31:12","2018-02-27 21:39:06",1,"SVK-1051"
"2013-04-08 10:31:56","2013-05-25 12:51:37",0,"DNK"
"2019-01-23 23:57:27","2019-01-28 20:29:05",1,"ARG-1271"
"2012-11-23 16:13:49","2012-11-23 16:17:31",1,"SVK-1051"
"2018-09-07 06:55:18","2018-09-11 07:25:43",2,6327
"2019-01-23 23:57:27","2019-01-28 20:29:05",0,"ARG"
"2018-09-07 06:55:18","2018-09-07 16:55:51",1,"SVK-1051"
"2018-01-28 21:37:42","2018-01-28 21:37:42",1,"NZL-3406"
"2017-06-18 21:05:15","2017-06-18 21:05:15",1,"DNK-3419"
"2018-09-07 06:55:18","2018-09-11 07:25:43",0,"SVK"
"2017-06-18 21:05:15","2017-07-15 10:08:48",0,"DNK"
"2012-06-17 14:07:44","2012-06-17 14:10:28",1,"SVK-1056"
"2014-07-12 13:19:29","2014-07-12 15:36:04",1,"DNK-3419"
"2017-06-19 06:23:30","2017-07-15 10:08:48",2,5987
"2019-11-23 19:57:40","2019-11-23 20:13:52",2,7195
"2012-06-17 14:07:44","2012-06-17 14:10:28",0,"SVK"
"2016-06-21 23:25:48","2016-06-22 13:36:10",1,"ISL-704"
"2019-11-23 19:57:40","2019-11-23 20:13:52",1,"ISR-3057"
"2019-11-26 13:01:25","2019-11-26 13:20:58",2,3973
"2019-11-23 19:57:40","2019-11-23 20:13:52",0,"ISR"
"2018-05-26 11:08:38","2018-05-26 17:52:20",1,"HUN-3156"
"2016-02-26 12:51:44","2016-02-26 12:51:49",1,"SVK-1052"
"2018-09-21 14:38:10","2019-01-19 18:45:10",3,73
"2018-02-19 11:56:56","2018-09-11 07:25:43",3,73
"2018-05-26 11:08:38","2018-05-26 17:52:20",0,"HUN"
"2018-04-28 14:45:59","2018-04-29 06:45:12",1,"AUT-2325"
"2018-09-21 14:38:10","2019-01-19 18:45:10",4,"Europe"
"2019-01-28 20:48:37","2019-02-02 14:23:48",3,17
"2018-02-19 11:56:56","2018-09-11 07:25:43",4,"Europe"
"2016-06-24 17:20:10","2016-06-24 17:39:35",2,5530
"2018-09-21 14:38:10","2018-10-04 15:03:17",2,6327
"2019-01-28 20:48:37","2019-01-29 11:18:29",2,5336
"2013-03-31 11:05:58","2013-03-31 11:06:09",2,982
"2018-02-19 11:56:56","2018-02-19 12:01:03",1,"SVK-1056"
"2018-09-21 14:38:10","2018-09-27 16:38:04",1,"SVK-1051"
"2019-01-28 20:48:37","2019-02-02 01:59:32",1,"CHL-2692"
"2018-02-19 11:56:56","2018-03-27 17:02:06",0,"SVK"
"2016-02-25 17:01:27","2016-02-25 17:01:27",2,6327
"2018-09-21 14:38:10","2018-10-09 18:39:10",0,"SVK"
"2019-01-28 20:48:37","2019-02-02 14:23:48",0,"CHL"
"2018-09-06 16:09:25","2018-09-06 16:09:42",1,"HUN-3156"
"2016-02-25 17:01:27","2016-02-25 17:01:27",1,"SVK-1051"
"2019-04-20 15:04:53","2019-04-21 11:02:42",1,"SVK-1052"
"2018-09-06 16:09:25","2018-09-06 16:09:42",0,"HUN"
"2019-11-23 18:16:39","2019-11-23 18:16:40",2,7100
"2012-06-17 13:47:29","2012-06-17 14:07:09",1,"HUN-3156"
"2016-02-25 17:01:27","2016-02-26 12:51:49",0,"SVK"
"2019-04-20 15:04:53","2019-04-21 11:02:42",0,"SVK"
"2018-10-12 16:13:45","2018-10-12 16:13:46",1,"HUN-3156"
"2018-09-13 20:08:51","2018-09-13 21:50:27",2,6865
"2012-07-29 11:04:02","2012-07-29 11:04:12",2,982
"2019-11-23 18:16:39","2019-11-23 18:16:40",1,"WEB+00?"
"2012-06-17 13:47:29","2012-06-17 14:07:09",0,"HUN"
"2018-10-12 16:13:45","2018-10-12 16:13:46",0,"HUN"
"2018-09-13 20:08:51","2018-09-14 14:57:16",1,"MAR-1456"
"2013-03-30 12:31:05","2013-03-31 11:06:09",1,"SVK-1052"
"2019-11-23 18:16:39","2019-11-23 18:16:40",0,"PSX"
"2018-04-08 07:59:09","2018-04-08 08:42:37",1,"SVK-1051"
"2013-03-30 12:31:05","2013-03-31 11:06:09",0,"SVK"
"2017-10-21 13:38:32","2017-10-25 15:33:26",2,4595
"2015-08-02 10:22:38","2015-08-07 18:20:32",1,"HRV-1490"
"2017-10-21 13:38:32","2017-10-25 15:33:26",1,"AUT-2326"
"2015-11-27 09:28:05","2015-12-16 14:31:37",2,5987
"2018-02-10 15:25:32","2018-02-10 15:25:36",3,55
"2017-10-21 13:38:32","2017-10-25 15:33:26",0,"AUT"
"2018-10-12 06:16:08","2018-10-12 06:16:08",1,"SVK-1056"
"2015-11-27 09:28:05","2015-12-16 14:31:37",1,"DNK-3416"
"2012-10-20 11:52:10","2012-11-02 15:51:27",1,"SVK-1056"
"2018-02-10 15:25:32","2018-02-10 15:25:36",4,"Asia"
"2012-07-15 09:32:15","2012-07-15 10:02:50",3,25
"2018-10-12 06:16:08","2018-10-12 06:16:08",0,"SVK"
"2015-11-27 09:28:05","2015-12-16 14:31:37",0,"DNK"
"2018-02-10 15:25:32","2018-02-10 15:25:36",1,"THA-422"
"2018-12-31 08:28:43","2018-12-31 21:44:35",1,"SVK-1051"
"2015-06-06 21:31:56","2015-06-06 21:57:17",1,"GBR-2768"
"2012-07-15 09:32:15","2012-07-15 10:02:50",4,"Australia"
"2018-02-10 15:25:32","2018-02-10 15:25:36",0,"THA"
"2012-07-15 09:32:15","2012-07-15 10:02:50",2,7287
"2012-07-15 09:32:15","2012-07-15 10:02:50",1,"AUS-2654"
"2018-05-26 08:20:08","2018-05-26 09:55:38",1,"AUT-2322"
"2018-04-07 09:05:19","2018-04-07 09:28:48",1,"SVK-1056"
"2012-10-20 11:50:55","2012-10-20 11:50:55",1,"SVK-1051"
"2012-07-15 09:32:15","2012-07-15 10:02:50",0,"AUS"
"2018-05-26 08:20:08","2018-05-26 09:55:38",0,"AUT"
"2019-11-22 19:55:24","2019-11-23 06:53:28",2,7195
"2019-12-20 10:02:13","2019-12-22 12:40:24",1,"AUT-2323"
"2019-11-22 19:55:24","2019-11-23 06:53:28",1,"ISR-3057"
"2018-10-10 16:17:27","2018-10-10 16:17:28",1,"HUN-3156"
"2019-12-20 10:02:13","2019-12-22 12:40:24",0,"AUT"
"2018-02-02 23:54:17","2018-02-03 22:36:28",1,"NZL-3408"
"2015-07-30 18:11:41","2015-07-30 18:36:31",1,"HRV-1491"
"2019-11-22 19:55:24","2019-11-23 06:53:28",0,"ISR"
"2018-10-10 16:17:27","2018-10-10 16:17:28",0,"HUN"
"2014-06-27 16:21:52","2014-06-29 08:57:48",2,7260
"2012-07-15 09:22:11","2012-07-15 09:25:03",3,41
"2019-12-20 04:55:04","2019-12-20 04:55:04",1,"SVK-1056"
"2012-07-15 09:22:11","2012-07-15 09:25:03",4,"Asia"
"2019-07-14 17:35:30","2019-07-18 16:59:15",1,"SVK-1051"
"2013-12-30 13:09:34","2014-01-03 10:22:00",3,66
"2016-07-05 19:37:35","2016-07-05 20:28:39",1,"ISL-704"
"2019-06-03 17:30:08","2019-06-13 15:05:41",2,6327
"2012-07-15 09:22:11","2012-07-15 09:25:03",2,7288
"2019-06-03 17:30:08","2019-06-10 10:19:02",1,"SVK-1051"
"2012-07-15 09:22:11","2012-07-15 09:25:03",1,"SGP-4871"
"2012-07-15 09:22:11","2012-07-15 09:25:03",0,"SGP"
"2013-12-30 13:09:34","2014-01-03 10:22:00",2,7230
"2019-11-22 08:17:26","2019-11-22 14:38:49",1,"WEB+00?"
"2019-09-18 07:24:47","2019-09-20 04:55:32",1,"DEU-1591"
"2013-12-30 13:09:34","2014-01-03 10:22:00",0,"UKR"
"2015-12-23 11:17:22","2015-12-23 11:17:27",1,"SVK-1056"
"2018-04-06 19:40:19","2018-04-11 07:24:59",2,6327
"2015-11-20 13:13:00","2015-11-21 12:11:56",1,"BEL-3474"
"2014-06-27 15:58:06","2014-06-29 08:57:48",1,"AUT-2331"
"2012-10-20 11:48:02","2012-10-20 11:50:45",1,"SVK-1056"
"2013-12-30 13:09:34","2014-01-03 10:22:00",1,"UKR-4826"
"2018-04-06 19:40:19","2018-04-06 19:40:37",1,"SVK-1051"
"2019-11-22 08:17:26","2019-11-22 14:38:49",0,"PSX"
"2019-06-01 14:51:09","2019-06-01 14:51:09",1,"SVK-1056"
"2015-04-13 15:13:13","2015-05-31 19:16:04",2,5987
"2018-04-06 19:40:19","2018-04-11 07:24:59",0,"SVK"
"2018-10-09 07:19:16","2018-10-23 10:47:59",2,6327
"2015-04-13 15:13:13","2015-05-31 19:16:04",1,"DNK-3416"
"2018-10-09 07:19:16","2018-10-09 18:39:10",1,"SVK-1051"
"2015-04-13 15:13:13","2015-05-31 19:16:04",0,"DNK"
"2018-05-24 05:43:41","2018-05-26 07:31:39",1,"SVK-1051"
"2018-02-09 09:19:15","2018-02-09 17:36:04",1,"NZL-5468"
"2012-07-27 06:59:19","2012-07-30 14:04:28",1,"SVK-1052"
"2019-11-22 07:40:31","2019-11-22 07:40:31",1,"ISR-3055"
"2012-07-27 06:59:19","2012-08-02 10:09:20",0,"SVK"
"2019-07-06 10:52:33","2019-07-06 10:52:40",1,"SVK-1056"
"2019-11-22 08:17:26","2019-11-22 14:38:49",2,7100
"2015-11-20 12:32:06","2015-11-20 12:48:46",1,"BEL-3475"
"2018-05-22 18:30:57","2018-05-22 18:30:57",1,"SVK-1056"
"2018-11-23 19:09:02","2018-11-25 20:59:51",2,7126
"2018-11-23 19:09:02","2018-11-25 20:59:51",1,"ESP-5809"
"2012-10-20 11:47:12","2012-10-20 11:47:57",1,"SVK-1051"
"2018-08-10 12:44:09","2018-08-12 14:05:05",1,"SVK-1052"
"2012-10-20 11:47:12","2012-12-31 22:06:08",0,"SVK"
"2019-01-19 21:35:02","2019-02-03 09:58:07",4,"South America"
"2012-07-18 15:52:34","2012-07-18 15:55:15",1,"HUN-3156"
"2012-07-18 15:52:34","2012-07-18 15:55:15",0,"HUN"
"2019-01-23 23:20:34","2019-01-28 20:29:05",3,84
"2019-01-19 21:35:02","2019-01-22 20:19:23",3,84
"2015-11-20 09:13:40","2015-11-21 12:11:56",2,7216
"2019-01-19 21:35:02","2019-01-22 20:19:23",2,7285
"2015-11-20 09:13:40","2015-11-20 09:13:40",1,"BEL-3474"
"2019-01-19 21:35:02","2019-01-22 20:19:23",0,"BRA"
"2015-08-21 11:55:23","2015-08-22 10:47:18",2,7280
"2019-03-01 11:51:20","2019-03-01 17:54:45",1,"SVK-1056"
"2015-11-20 09:13:40","2015-11-21 12:11:56",0,"BEL"
"2019-01-19 21:35:02","2019-01-22 20:19:23",1,"BRA-627"
"2015-08-21 11:55:23","2015-08-22 10:47:18",1,"JPN-1860"
"2012-07-17 17:10:06","2012-08-02 10:09:20",3,73
"2012-07-17 17:10:06","2012-08-02 10:09:20",4,"Europe"
"2018-11-23 16:50:48","2018-11-26 10:46:28",0,"ESP"
"2012-07-17 17:10:06","2012-07-17 17:10:06",1,"SVK-1051"
"2013-12-30 09:12:02","2013-12-30 09:19:04",1,"HUN-3160"
"2018-11-23 16:50:48","2018-11-23 16:50:51",1,"ESP-5820"
"2018-08-06 19:35:47","2018-08-09 11:18:02",2,6327
"2012-07-17 17:10:06","2012-07-17 17:10:06",0,"SVK"
"2018-08-06 19:35:47","2018-08-09 11:18:02",1,"SVK-1051"
"2018-01-04 21:03:43","2018-01-17 18:55:45",1,"SVK-1051"
"2018-08-06 19:35:47","2018-08-24 04:25:29",0,"SVK"
"2017-06-08 11:31:35","2017-06-08 20:53:27",1,"DEU-1591"
"2013-12-30 09:01:03","2013-12-30 09:01:03",1,"HUN-3164"
"2017-06-08 11:31:35","2017-06-10 11:19:47",0,"DEU"
"2018-02-04 05:27:00","2018-02-06 19:13:07",1,"NZL-3400"
"2013-06-29 13:22:21","2013-06-30 05:26:03",1,"NOR-914"
"2018-04-28 08:24:36","2018-04-28 10:52:48",1,"AUT-2327"
"2018-07-24 17:06:25","2018-07-27 17:19:48",1,"SVK-1051"
"2013-12-30 07:09:50","2013-12-30 07:09:50",1,"HUN-3160"
"2018-05-21 17:19:03","2018-05-21 20:01:13",1,"SVK-1051"
"2019-05-19 15:49:10","2019-05-31 05:33:36",1,"SVK-1051"
"2014-11-03 19:08:41","2014-12-14 14:11:49",2,5987
"2018-04-28 08:24:36","2018-04-30 12:49:07",0,"AUT"
"2019-01-19 11:42:49","2019-01-19 18:45:10",1,"NLD-3486"
"2019-07-02 19:15:18","2019-07-23 07:28:25",2,6327
"2013-12-30 07:09:50","2013-12-30 09:19:04",0,"HUN"
"2014-11-03 19:08:41","2014-12-18 09:53:26",1,"DNK-3416"
"2019-01-19 11:42:49","2019-01-19 18:45:10",0,"NLD"
"2014-06-27 10:30:27","2014-06-27 14:20:26",1,"AUT-2330"
"2009-04-14 19:45:27","2009-04-21 11:36:42",4,"North America"
"2019-07-02 19:15:18","2019-07-05 16:33:28",1,"SVK-1051"
"2014-11-03 19:08:41","2014-12-20 15:04:20",0,"DNK"
"2014-06-27 10:30:27","2014-06-29 14:37:26",0,"AUT"
"2009-04-14 19:45:27","2009-04-21 11:36:42",2,7225
"2019-07-02 19:15:18","2019-07-18 16:59:15",0,"SVK"
"2009-04-14 19:45:27","2009-04-21 11:36:42",1,"USA-3536"
"2019-05-17 17:02:22","2019-05-17 17:02:22",1,"SVK-1056"
"2013-12-27 19:27:03","2013-12-27 19:27:03",1,"SVK-1056"
"2019-01-19 10:08:09","2019-01-19 10:08:09",1,"AUT-2330"
"2014-10-31 13:26:10","2014-10-31 13:26:10",1,"SVK-1056"
"2019-01-19 10:08:09","2019-01-19 10:08:09",0,"AUT"
"2014-06-24 10:40:39","2014-06-24 10:40:39",1,"SVK-1051"
"2012-06-17 12:46:21","2012-06-17 13:11:30",1,"SVK-1056"
"2018-01-02 14:34:57","2018-01-02 14:38:30",1,"SVK-1056"
"2013-12-22 11:16:09","2013-12-22 11:16:09",1,"SVK-1053"
"2015-08-27 13:18:47","2015-08-28 09:33:47",2,6551
"2009-04-14 19:45:27","2009-04-21 11:36:42",0,"USA"
"2015-08-27 13:18:47","2015-08-28 09:33:47",1,"JPN-1850"
"2014-06-17 18:14:15","2014-06-17 18:14:15",1,"SVK-1056"
"2009-04-14 19:45:27","2009-04-21 11:36:42",3,12
"2018-07-20 17:13:00","2018-07-22 16:22:55",1,"SVK-1056"
"2014-10-30 12:36:02","2014-10-30 12:36:06",1,"SVK-1051"
"2019-01-19 08:41:35","2019-01-19 09:31:11",1,"NLD-3486"
"2019-01-19 08:41:35","2019-01-19 09:31:11",0,"NLD"
"2019-06-29 16:19:16","2019-06-29 17:27:58",1,"NOR-917"
"2014-10-28 16:52:49","2014-10-28 16:52:49",1,"SVK-1056"
"2012-09-09 14:09:19","2012-09-09 14:19:44",1,"SVK-1056"
"2019-01-19 08:40:02","2019-01-19 08:40:04",1,"AUT-2330"
"2019-09-17 14:53:33","2019-09-17 17:00:47",1,"DEU-1577"
"2018-05-18 20:05:40","2018-05-20 13:58:52",1,"SVK-1056"
"2012-09-09 14:09:19","2012-09-09 14:19:44",0,"SVK"
"2019-01-19 08:40:02","2019-01-19 08:40:04",0,"AUT"
"2017-12-29 07:32:21","2017-12-29 13:36:25",1,"SVK-1051"
"2012-09-09 14:06:17","2012-09-09 14:06:17",1,"HUN-3156"
"2012-09-09 14:06:17","2012-09-09 14:06:17",0,"HUN"
"2013-06-02 19:01:56","2013-06-20 06:22:50",2,5987
"2018-01-26 04:16:47","2018-01-26 08:38:47",1,"NZL-3334"
"2013-06-02 19:01:56","2013-06-20 06:22:50",1,"DNK-3416"
"2018-07-19 18:06:13","2018-07-19 18:06:33",1,"SVK-1051"
"2018-07-19 18:06:13","2018-07-27 19:24:39",0,"SVK"
"2018-01-26 00:39:25","2018-01-26 00:39:25",1,"NZL-5468"
"2019-10-19 10:50:23","2019-10-19 14:55:23",1,"PRT-5498"
"2018-01-25 21:41:07","2018-01-25 21:41:07",1,"NZL-3334"
"2014-09-30 19:29:26","2014-10-30 12:36:06",2,6327
"2014-09-30 19:29:26","2014-10-23 14:19:44",1,"SVK-1051"
"2019-01-23 22:28:49","2019-01-23 22:59:09",3,17
"2019-01-23 22:28:49","2019-01-23 23:45:21",1,"CHL-2692"
"2018-11-18 18:42:00","2018-11-23 16:36:51",1,"SVK-1051"
"2018-07-19 17:29:45","2018-07-19 17:37:27",1,"HUN-3156"
"2019-01-23 22:28:49","2019-01-23 23:45:21",0,"CHL"
"2019-06-21 18:12:21","2019-06-21 18:35:35",1,"NOR-900"
"2018-07-19 17:29:45","2018-07-19 17:37:27",0,"HUN"
"2019-05-17 14:50:43","2019-05-17 16:35:18",1,"SVK-1051"
"2014-07-06 11:18:11","2014-07-12 08:35:11",2,4140
"2019-06-21 18:12:21","2019-06-21 18:35:35",0,"NOR"
"2014-09-25 05:58:16","2014-09-25 05:58:16",2,2672
"2018-10-07 14:46:58","2018-10-07 16:12:23",1,"SVK-1053"
"2012-09-09 13:44:59","2012-09-09 14:05:35",1,"SVK-1056"
"2019-01-19 08:13:07","2019-01-19 08:37:51",1,"NLD-3486"
"2019-01-23 22:28:05","2019-01-23 22:28:05",3,84
"2012-09-09 13:44:59","2012-09-09 14:05:35",0,"SVK"
"2019-01-19 08:13:07","2019-01-19 08:37:51",0,"NLD"
"2019-01-23 22:28:05","2019-01-23 22:28:05",1,"ARG-1271"
"2014-07-06 08:48:35","2014-07-12 11:01:02",1,"DNK-3418"
"2019-01-23 22:28:05","2019-01-23 22:28:05",0,"ARG"
"2015-03-31 10:07:37","2015-03-31 12:17:15",1,"IRL-78"
"2019-05-17 13:35:08","2019-05-17 13:36:52",1,"SVK-1056"
"2014-07-06 08:48:35","2014-07-12 15:36:04",0,"DNK"
"2018-07-17 12:05:48","2018-08-03 15:36:31",2,6327
"2018-07-17 12:05:48","2018-07-17 17:57:11",1,"SVK-1051"
"2018-10-07 14:46:48","2018-10-07 14:46:52",1,"SVK-1058"
"2013-06-24 14:11:51","2013-06-25 13:48:34",1,"NOR-910"
"2018-09-12 16:59:13","2018-09-17 16:29:10",4,"Africa"
"2018-01-25 20:26:47","2018-01-25 21:19:41",1,"NZL-5468"
"2018-07-15 16:28:38","2018-07-15 16:28:38",1,"SVK-1056"
"2018-07-15 16:28:38","2018-07-17 17:57:11",0,"SVK"
"2017-12-22 19:28:16","2017-12-24 16:48:11",1,"SVK-1056"
"2014-06-29 14:07:10","2014-06-29 14:37:26",1,"AUT-2330"
"2012-09-09 13:21:53","2012-09-09 13:43:34",1,"HUN-3156"
"2018-09-12 16:59:13","2018-09-17 16:29:10",3,67
"2012-09-09 13:21:53","2012-09-09 13:43:34",0,"HUN"
"2019-06-14 13:50:24","2019-06-14 14:19:25",1,"CHE-175"
"2018-09-12 18:18:51","2018-09-13 16:17:02",2,5705
"2018-07-14 15:34:38","2018-07-14 15:34:53",1,"HUN-3156"
"2018-07-14 15:34:38","2018-07-14 15:34:53",0,"HUN"
"2017-01-07 20:06:47","2017-03-10 12:56:56",2,6801
"2017-01-07 20:06:47","2017-03-10 14:25:31",1,"USA-3560"
"2018-09-12 16:59:13","2018-09-17 16:29:10",0,"MAR"
"2019-01-19 05:45:59","2019-01-19 08:12:58",1,"AUT-2330"
"2014-09-25 05:57:44","2015-03-26 14:06:48",3,73
"2018-09-12 16:59:13","2018-09-13 17:26:46",1,"MAR-1455"
"2019-01-19 05:45:59","2019-01-19 08:12:58",0,"AUT"
"2014-09-25 05:57:44","2015-08-20 21:59:46",4,"Europe"
"2015-08-27 02:00:49","2015-08-27 10:58:31",2,7248
"2018-07-14 15:34:34","2018-07-14 15:34:34",1,"SVK-1056"
"2014-09-25 05:57:44","2014-09-25 05:58:16",1,"SVK-1053"
"2019-10-19 06:54:46","2019-10-19 08:48:57",1,"PRT-746"
"2015-08-27 02:00:49","2015-08-27 10:58:31",1,"JPN-1852"
"2018-07-14 15:34:34","2018-07-14 15:34:34",0,"SVK"
"2014-09-25 05:57:44","2014-10-31 13:26:10",0,"SVK"
"2011-11-24 17:22:18","2012-06-06 07:02:16",2,6327
"2015-03-29 10:20:09","2015-03-29 11:26:59",2,3352
"2011-11-24 17:22:18","2012-05-09 09:51:05",1,"SVK-1051"
"2018-02-07 02:39:49","2018-02-07 21:49:44",2,7336
"2016-06-27 17:03:12","2016-06-27 17:03:44",2,5531
"2018-02-07 02:39:49","2018-02-07 21:52:57",1,"NZL-3401"
"2019-12-13 14:13:13","2019-12-17 22:40:45",1,"SVK-1051"
"2018-11-17 10:27:39","2018-11-17 15:08:41",1,"SVK-1056"
"2016-06-27 13:59:49","2016-06-29 00:57:00",1,"ISL-702"
"2018-07-12 17:43:57","2018-07-12 20:09:37",2,7260
"2018-07-12 17:43:57","2018-07-12 20:09:37",1,"AUT-2331"
"2018-07-12 17:43:57","2018-07-12 20:09:37",0,"AUT"
"2019-05-12 10:40:25","2019-05-16 15:33:43",1,"SVK-1051"
"2019-12-13 13:06:21","2019-12-13 13:06:26",1,"SVK-1056"
"2012-07-16 12:47:11","2012-07-17 04:21:42",3,25
"2012-07-16 12:47:11","2012-07-17 04:21:42",4,"Australia"
"2012-07-16 12:47:11","2012-07-17 04:21:42",2,7287
"2012-07-16 12:47:11","2012-07-17 04:21:42",1,"AUS-2654"
"2012-07-16 12:47:11","2012-07-17 04:21:42",0,"AUS"
"2019-11-26 07:33:11","2019-11-26 08:07:07",2,3973
"2019-01-24 17:04:17","2019-01-25 10:40:28",2,6689
"2019-11-26 07:33:11","2019-11-26 08:07:07",1,"ISR-3054"
"2015-06-04 18:32:01","2015-06-06 21:57:17",3,69
"2019-05-10 12:38:27","2019-05-11 11:41:22",1,"SVK-1056"
"2012-09-09 13:16:34","2012-09-09 13:19:04",1,"SVK-1056"
"2015-06-04 18:32:01","2015-06-05 10:40:26",2,7266
"2012-09-09 13:16:34","2012-09-09 13:19:04",0,"SVK"
"2015-06-04 18:32:01","2015-06-04 18:32:01",1,"GBR-2072"
"2015-08-21 02:31:48","2015-08-21 10:22:20",1,"JPN-1857"
"2015-06-04 18:32:01","2015-06-06 21:57:17",0,"GBR"
"2018-06-16 09:32:45","2018-06-16 20:26:50",1,"FRA-5342"
"2012-07-16 11:39:27","2012-07-16 11:39:40",3,50
"2017-08-01 18:36:14","2017-08-01 19:47:52",2,6327
"2017-08-01 18:36:14","2017-08-01 19:47:52",1,"SVK-1051"
"2012-07-16 11:39:27","2012-07-16 11:39:40",4,"Asia"
"2017-08-01 18:36:14","2017-08-06 15:56:13",0,"SVK"
"2019-06-21 09:42:18","2019-06-21 11:39:25",1,"NOR-900"
"2018-06-15 19:50:20","2018-06-15 19:50:20",2,7282
"2012-07-16 11:39:27","2012-07-16 11:39:40",0,"PAK"
"2018-06-15 19:50:20","2018-06-15 19:50:20",1,"FRA-5333"
"2012-07-16 11:39:27","2012-07-16 11:39:40",1,"PAK-1113"
"2012-08-29 15:18:32","2012-08-29 15:18:44",0,"ITA"
"2015-08-20 23:34:59","2015-08-28 09:33:47",3,47
"2018-06-15 19:50:20","2018-06-22 11:21:20",0,"FRA"
"2012-08-29 15:18:32","2012-08-29 15:18:44",1,"ITA-5460"
"2014-09-06 16:47:09","2014-09-09 16:44:31",1,"USA-3521"
"2015-08-20 23:34:59","2015-08-28 09:33:47",4,"Asia"
"2015-08-20 23:34:59","2015-08-28 09:33:47",0,"JPN"
"2019-06-21 09:42:18","2019-06-21 11:39:25",0,"NOR"
"2018-10-06 13:11:36","2018-10-07 12:35:23",1,"SVK-1057"
"2015-08-20 23:34:59","2015-08-20 23:35:29",1,"JPN-1855"
"2012-08-21 08:57:46","2012-08-21 08:57:46",0,"HRV"
"2012-08-21 08:57:46","2012-08-21 08:57:46",1,"HRV-1490"
"2019-01-13 19:51:32","2019-01-17 15:09:30",1,"SVK-1051"
"2018-10-06 13:11:36","2018-10-06 13:11:36",1,"SVK-1058"
"2018-09-15 06:47:52","2018-09-15 10:50:47",1,"MAR-1455"
"2019-02-17 09:28:21","2019-02-17 14:20:42",1,"SVK-1053"
"2019-05-07 15:07:55","2019-05-08 16:21:21",1,"SVK-1051"
"2019-06-14 13:33:42","2019-06-14 13:39:47",1,"CHE-165"
"2019-04-06 06:40:26","2019-04-08 17:21:31",1,"SVK-1051"
"2018-09-15 06:25:32","2018-09-15 06:25:32",2,6865
"2018-09-15 06:25:32","2018-09-15 06:25:32",1,"MAR-1456"
"2015-01-10 18:54:30","2015-02-22 14:06:57",2,5987
"2018-07-09 18:12:01","2018-07-12 06:27:30",2,6327
"2015-01-10 18:54:30","2015-02-22 14:06:57",1,"DNK-3416"
"2017-04-02 17:14:06","2017-04-02 21:28:11",2,7257
"2015-01-10 18:54:30","2015-02-22 14:06:57",0,"DNK"
"2017-04-02 17:14:06","2017-04-02 21:28:11",1,"CAN-682"
"2019-01-23 18:43:51","2019-01-23 20:05:01",2,6976
"2017-04-02 17:14:06","2017-04-02 21:28:11",0,"CAN"
"2019-02-24 09:21:55","2019-03-01 21:11:23",1,"SVK-1051"
"2015-08-13 19:16:31","2015-08-20 21:59:46",2,5987
"2015-08-13 19:16:31","2015-08-20 21:59:46",1,"DNK-3416"
"2015-08-13 19:16:31","2015-08-20 21:59:46",0,"DNK"
"2019-02-24 09:21:55","2019-04-08 17:21:31",2,6327
"2019-04-05 11:15:14","2019-04-05 11:15:18",1,"SVK-1056"
"2019-06-20 20:37:08","2019-06-22 10:39:10",2,6849
"2019-01-12 13:59:25","2019-01-13 16:37:05",1,"SVK-1056"
"2017-01-02 00:56:36","2017-01-02 19:36:28",1,"USA-3559"
"2016-12-30 14:43:17","2017-03-10 14:25:31",3,13
"2016-12-30 14:43:17","2017-04-02 21:28:11",4,"North America"
"2016-12-30 14:43:17","2016-12-31 01:42:34",2,7116
"2015-08-24 23:38:47","2015-08-26 01:19:26",2,7280
"2015-08-10 11:08:36","2015-08-10 11:08:36",2,7167
"2016-12-30 14:43:17","2016-12-31 01:42:34",1,"USA-3513"
"2015-08-24 23:38:47","2015-08-26 01:19:26",1,"JPN-1860"
"2015-08-10 11:08:36","2015-08-10 11:08:36",1,"DEU-1578"
"2016-12-30 14:43:17","2017-04-02 00:13:19",0,"USA"
"2015-08-10 11:08:36","2015-08-10 11:08:36",0,"DEU"
"2012-08-09 17:57:20","2012-08-17 04:35:18",1,"SVK-1056"
"2016-06-27 01:03:42","2016-06-27 13:50:03",1,"ISL-697"
"2016-06-27 01:03:42","2016-06-30 14:02:35",0,"ISL"
"2012-07-15 15:26:13","2012-07-15 15:26:13",1,"SGP-4872"
"2019-06-20 19:45:05","2019-06-20 20:49:07",1,"NOR-900"
"2012-07-15 15:26:13","2012-07-15 15:26:13",0,"SGP"
"2019-11-02 18:59:12","2019-11-02 18:59:16",2,6327
"2019-11-02 18:59:12","2019-11-06 17:05:06",1,"SVK-1051"
"2018-09-14 15:10:11","2018-09-15 06:13:05",1,"MAR-1455"
"2019-11-24 14:09:49","2019-11-25 18:48:43",1,"ISR-3057"
"2019-01-23 18:12:13","2019-01-23 18:12:13",2,6976
"2015-08-09 17:07:48","2015-08-09 17:07:59",1,"HUN-3157"
"2019-09-03 00:00:45","2019-09-06 02:21:39",1,"USA-3527"
"2015-08-09 17:07:48","2015-08-09 17:07:59",0,"HUN"
"2018-01-25 17:19:58","2018-01-25 19:50:40",1,"NZL-3334"
"2019-05-07 07:03:24","2019-05-07 09:31:04",1,"SVK-1056"
"2017-07-21 17:12:09","2017-07-22 05:22:46",2,7088
"2019-12-31 11:24:56","2019-12-31 11:25:22",1,"SVK-1056"
"2019-02-17 07:31:01","2019-02-17 07:31:14",1,"SVK-1055"
"2019-11-24 14:09:21","2019-11-24 14:09:21",1,"ISR-3055"
"2017-07-21 17:12:09","2017-07-22 05:22:46",1,"BIH-2890"
"2016-04-15 12:21:09","2016-06-19 08:17:24",2,5987
"2018-07-09 17:22:43","2018-07-12 06:27:30",1,"SVK-1051"
"2017-07-21 17:12:09","2017-07-22 13:39:58",0,"BIH"
"2016-04-15 12:21:09","2016-06-19 08:17:24",1,"DNK-3416"
"2018-09-14 14:41:58","2018-09-14 14:41:58",2,6865
"2016-04-15 12:21:09","2016-06-19 08:17:24",0,"DNK"
"2017-11-19 11:28:44","2017-11-19 14:07:47",2,1767
"2019-03-31 17:15:40","2019-04-02 17:08:58",1,"SVK-1051"
"2019-12-28 08:17:49","2019-12-28 14:08:26",1,"SVK-1053"
"2017-11-19 11:28:44","2017-11-19 14:07:47",1,"BGR-2235"
"2016-06-30 22:50:11","2016-07-01 16:47:49",1,"ISL-705"
"2019-02-02 16:31:15","2019-02-03 09:58:07",3,84
"2019-02-02 16:31:15","2019-02-02 23:49:09",2,7285
"2019-12-27 16:25:01","2019-12-27 16:25:01",1,"SVK-1056"
"2019-02-02 16:31:15","2019-02-03 09:58:07",1,"BRA-627"
"2016-12-31 20:03:32","2016-12-31 21:54:43",1,"USA-3558"
"2019-06-20 15:18:19","2019-06-20 17:35:39",1,"NOR-917"
"2019-02-02 16:31:15","2019-02-03 09:58:07",0,"BRA"
"2019-10-25 17:16:43","2019-11-21 02:40:55",3,73
"2019-06-20 15:18:19","2019-06-20 20:49:07",0,"NOR"
"2016-06-26 22:20:30","2016-06-26 22:21:13",1,"ISL-697"
"2019-10-25 17:16:43","2019-10-31 11:45:26",1,"SVK-1056"
"2013-06-23 15:17:53","2013-06-24 09:13:37",1,"NOR-920"
"2019-10-25 17:16:43","2019-11-06 17:05:06",0,"SVK"
"2018-01-25 05:39:53","2018-01-25 05:40:41",2,7308
"2012-08-04 16:52:27","2013-12-30 09:19:04",3,73
"2012-08-04 16:52:27","2014-08-01 16:54:14",4,"Europe"
"2018-07-06 05:48:59","2018-07-06 17:44:05",1,"SVK-1056"
"2012-08-04 16:52:27","2012-08-04 17:03:05",1,"SVK-1057"
"2012-08-04 16:52:27","2012-08-17 04:35:18",0,"SVK"
"2014-12-24 11:19:47","2015-01-02 15:31:39",1,"SVK-1056"
"2015-03-29 08:44:02","2015-03-30 17:59:22",1,"IRL-725"
"2019-06-20 12:21:54","2019-06-20 12:48:31",1,"AUT-2330"
"2016-06-23 19:00:45","2016-06-26 17:22:38",1,"ISL-690"
"2019-06-20 12:21:54","2019-06-20 12:48:31",0,"AUT"
"2016-06-23 19:00:45","2016-06-26 22:21:13",0,"ISL"
"2019-11-26 13:01:25","2019-11-26 13:20:58",1,"ISR-3054"
"2019-03-26 19:48:07","2019-03-30 13:32:54",1,"SVK-1056"
"2019-11-26 13:01:25","2019-11-27 09:18:40",0,"ISR"
"2016-10-30 14:17:54","2016-10-30 18:43:12",1,"GRL-2739"
"2012-07-15 14:53:35","2012-07-15 15:26:03",3,25
"2016-10-30 14:17:54","2016-10-30 18:43:12",0,"GRL"
"2012-07-15 14:53:35","2012-07-15 15:26:03",4,"Australia"
"2019-08-29 12:58:45","2019-08-29 16:34:22",3,69
"2018-02-06 18:04:28","2018-02-06 19:13:07",2,7330
"2012-07-15 14:53:35","2012-07-15 15:26:03",2,7287
"2019-08-29 12:58:45","2019-08-29 16:27:21",1,"GBR-2753"
"2018-07-01 18:12:22","2018-07-05 15:27:35",1,"SVK-1051"
"2012-07-15 14:53:35","2012-07-15 15:26:03",1,"AUS-2654"
"2019-08-29 12:58:45","2019-08-29 16:34:22",0,"GBR"
"2014-12-23 13:55:04","2014-12-23 13:55:19",1,"SVK-1053"
"2018-07-01 18:12:22","2018-07-12 06:27:30",0,"SVK"
"2019-11-26 12:58:57","2019-11-26 12:59:01",2,7100
"2012-07-15 14:53:35","2012-07-15 15:26:03",0,"AUS"
"2014-12-23 13:55:04","2015-01-02 15:31:39",0,"SVK"
"2019-11-26 12:58:57","2019-11-26 12:59:01",1,"WEB+00?"
"2019-02-02 10:30:41","2019-02-02 14:23:48",1,"CHL-2698"
"2019-11-26 12:58:57","2019-11-26 12:59:01",0,"PSX"
"2019-06-17 12:57:39","2019-06-18 07:56:58",2,6327
"2019-06-17 12:57:39","2019-06-18 07:56:58",1,"SVK-1051"
"2019-06-14 11:13:52","2019-06-14 13:29:06",1,"CHE-175"
"2012-07-15 14:47:20","2012-07-15 14:47:20",3,41
"2019-06-17 12:57:39","2019-06-18 07:56:58",0,"SVK"
"2019-12-24 14:30:44","2019-12-24 14:31:25",1,"SVK-1051"
"2012-08-03 17:46:55","2012-08-03 18:49:54",3,25
"2012-07-15 14:47:20","2012-07-15 14:47:20",4,"Asia"
"2017-11-18 12:11:50","2017-11-20 10:43:41",3,66
"2014-05-01 16:21:32","2014-06-14 16:56:44",1,"SVK-1051"
"2012-08-03 17:46:55","2012-08-03 18:49:54",4,"Australia"
"2012-07-15 14:47:20","2012-07-15 14:47:20",2,7288
"2012-08-03 17:46:55","2012-08-03 18:49:54",2,7287
"2016-07-03 19:41:14","2016-07-05 17:36:28",2,6826
"2012-07-15 14:47:20","2012-07-15 14:47:20",1,"SGP-4872"
"2018-05-05 14:42:43","2018-05-06 17:45:49",1,"HRV-1493"
"2012-08-03 17:46:55","2012-08-03 18:49:54",1,"AUS-2654"
"2016-07-03 19:41:14","2016-07-04 16:50:34",1,"ISL-5131"
"2012-07-15 14:47:20","2012-07-15 14:47:20",0,"SGP"
"2017-11-18 12:11:50","2017-11-18 13:50:03",2,7075
"2018-05-05 14:42:43","2018-05-06 17:45:49",0,"HRV"
"2019-07-25 16:18:26","2019-07-25 18:28:58",1,"BIH-2228"
"2012-08-03 17:46:55","2012-08-03 18:49:54",0,"AUS"
"2017-11-18 12:11:50","2017-11-20 10:43:41",0,"BGR"
"2019-07-25 16:18:26","2019-07-25 18:28:58",0,"BIH"
"2017-11-18 12:11:50","2017-11-18 13:50:03",1,"BGR-2243"
"2015-04-13 09:36:04","2015-04-13 09:36:15",1,"DEU-1578"
"2019-01-23 10:43:03","2019-01-23 17:45:28",2,6976
"2018-04-25 10:37:40","2018-04-25 17:45:07",1,"SVK-1056"
"2019-08-29 09:50:19","2019-08-29 11:45:35",1,"AUT-2330"
"2013-06-02 13:17:17","2013-06-02 14:38:07",1,"DNK-3417"
"2019-06-15 17:44:06","2019-06-15 18:53:47",2,7130
"2019-08-29 09:50:19","2019-08-29 11:45:35",0,"AUT"
"2018-01-27 23:06:14","2018-01-27 23:16:16",2,7336
"2019-06-15 17:44:06","2019-06-15 18:53:47",1,"CHE-176"
"2016-10-30 14:08:23","2016-12-19 00:20:21",4,"North America"
"2014-04-16 17:08:12","2014-04-16 17:08:29",1,"SVK-1056"
"2016-10-30 14:08:23","2016-10-30 18:43:12",3,84
"2009-07-18 02:24:00","2009-07-20 08:29:32",4,"Asia"
"2019-12-23 17:03:45","2019-12-23 20:41:52",1,"SVK-1056"
"2012-08-01 14:07:20","2012-08-02 10:09:20",1,"SVK-1052"
"2019-12-23 17:03:45","2020-01-01 14:15:43",0,"SVK"
"2009-07-18 02:24:00","2009-07-20 08:29:32",3,41
"2009-07-18 02:24:00","2009-07-20 08:29:32",2,7274
"2019-06-15 14:43:53","2019-06-15 14:43:53",1,"CHE-3424"
"2018-06-09 08:31:47","2018-06-09 08:31:51",2,982
"2009-07-18 02:24:00","2009-07-20 08:29:32",0,"CHN"
"2018-06-09 08:31:47","2018-06-10 13:58:04",1,"SVK-1052"
"2019-01-23 03:42:35","2019-01-23 20:05:01",1,"CHL-2692"
"2009-07-18 02:24:00","2009-07-20 08:29:32",1,"CHN-1155"
"2016-12-31 18:57:27","2016-12-31 19:28:50",1,"USA-3559"
"2018-06-18 08:13:05","2018-06-18 18:07:00",2,5334
"2018-12-24 16:52:32","2018-12-26 14:45:48",1,"SVK-1056"
"2018-06-18 08:13:05","2018-06-18 18:07:00",1,"FRA-5273"
"2012-07-31 15:59:05","2012-07-31 16:00:10",1,"SVK-1053"
"2016-12-18 18:25:08","2016-12-18 21:11:55",2,7118
"2019-04-12 06:47:54","2019-04-12 11:48:54",1,"SVK-1055"
"2018-09-08 17:20:57","2018-09-11 07:25:43",1,"SVK-1051"
"2019-08-26 19:33:37","2019-08-29 11:45:35",3,73
"2019-07-22 17:17:05","2019-07-23 07:28:25",1,"SVK-1051"
"2013-03-26 16:12:31","2013-03-26 16:13:40",2,6436
"2018-06-18 20:06:05","2018-06-22 11:21:20",2,7282
"2019-09-24 17:48:07","2019-10-14 17:24:13",2,6327
"2020-01-01 14:15:28","2020-01-01 14:15:43",2,6327
"2020-01-01 14:15:28","2020-01-01 14:15:43",1,"SVK-1051"
